age,gender,time_spent,prev_purchases,pages_visited,cart_items,discount_used,will_purchase
56,0,39.7000916733342,8,15,7,1,1
69,1,15.51228136544469,12,8,3,1,0
46,1,13.603405431950248,17,19,2,0,0
32,0,29.558290424484852,10,23,3,1,1
60,1,44.385162071023196,14,27,4,1,1
25,1,31.75176557244953,18,8,0,0,1
38,1,2.442417813967282,0,26,0,1,0
56,0,52.17881462605718,3,27,2,0,0
36,1,4.348870164150329,13,19,5,1,1
40,1,57.37155678138476,13,18,0,0,1
28,0,1.9959465174977271,2,10,1,0,0
28,0,41.819802139777174,16,29,6,1,1
41,1,5.3913202908510085,2,7,0,1,0
53,1,54.685256476390805,15,28,6,0,1
57,0,28.133777555419794,13,9,3,0,1
41,0,8.682664601612416,19,1,9,1,1
20,1,20.778534137495875,12,19,5,1,1
39,1,10.30706818313234,14,5,7,1,1
19,1,10.649623737646856,13,19,8,1,1
41,1,56.91244505020081,18,1,5,0,1
61,0,26.992143680944896,5,15,8,0,0
47,1,47.433734702368895,9,16,3,0,1
55,1,38.55653089007207,14,23,5,1,1
19,0,40.74736855913434,19,7,7,1,1
38,1,8.335759589086292,5,26,8,0,0
50,0,14.433974585521398,9,12,2,0,0
29,1,47.311644941688996,6,8,1,0,0
39,1,58.26058928524959,16,5,5,0,1
61,0,16.12920073461978,17,10,3,0,0
42,0,16.65834150268687,16,28,0,0,0
66,1,28.63737940224884,8,21,7,1,1
44,1,59.03849861489855,9,5,8,0,1
59,1,16.50305727667503,9,17,8,0,0
45,0,24.714828623238702,6,26,1,0,0
33,1,53.54306092959865,15,5,8,0,1
32,0,0.6738014409710394,17,22,6,0,1
64,0,2.866074916819888,5,15,4,0,0
68,1,36.44226478573754,19,13,6,0,1
61,0,54.48911980041439,0,28,8,1,1
69,1,14.711971293914695,0,1,7,0,0
20,1,28.443685593502185,11,11,5,1,1
54,1,27.302685448640187,1,23,3,1,0
68,1,28.641795092682855,3,1,0,1,0
24,1,37.53992189591984,16,11,5,0,1
38,0,28.449753897945683,3,18,2,0,0
26,0,27.12435440868624,10,18,5,0,1
56,1,28.72016101566,3,21,5,0,0
35,1,35.65661275562697,0,26,3,0,0
21,0,32.45194555690583,6,16,1,0,0
42,0,51.32109186020501,17,13,8,0,1
31,0,3.4450627828731637,8,7,1,0,0
67,0,50.08236575264424,2,1,2,0,0
26,1,50.71351445039758,7,26,9,0,1
43,1,17.45202728109217,18,16,0,1,1
19,0,28.03969132344311,3,1,6,0,0
37,1,26.593040067977412,17,17,0,0,1
45,0,13.501335144070753,19,6,8,0,1
64,1,24.10941240163583,10,2,0,1,0
24,0,3.1410724441658386,13,17,4,0,0
61,1,17.0304133305132,17,6,6,0,1
25,0,49.09258943931773,15,14,2,1,1
64,0,17.431456954892404,2,18,8,0,0
52,1,49.18329679052073,14,6,7,1,1
31,0,32.13016814396364,3,10,2,1,0
34,1,52.85182930298902,4,24,4,1,1
53,1,34.699383478732706,16,18,6,1,1
67,0,2.265259272352019,6,27,3,0,0
57,1,40.687502349051805,15,9,4,1,1
21,1,3.1687872974023352,13,8,2,1,0
19,1,27.31052262949647,15,28,8,0,1
23,1,55.80088832115028,6,10,9,0,1
59,1,10.329634390602084,8,17,8,0,0
21,0,23.697405000021874,3,23,6,1,0
46,1,43.926688376484464,10,29,9,0,1
35,1,52.99438408764343,1,26,1,1,1
43,1,40.42110878217922,11,6,6,1,1
61,1,15.861308624374567,11,14,6,0,0
51,1,40.63916724851486,3,22,4,0,1
27,0,18.155294645693356,17,22,8,0,1
53,1,43.246539174214746,6,6,2,0,1
31,0,57.26497109130991,0,26,3,0,0
48,0,43.42291034082415,12,7,0,0,0
65,0,51.84138992328854,5,12,5,1,1
32,0,0.6251786689650631,5,3,3,1,0
25,1,43.19554142152987,11,14,0,0,1
31,0,49.86045963348239,7,22,1,1,1
40,0,2.9132448839085447,18,19,2,1,1
57,1,52.36006477364972,4,23,8,1,1
38,1,15.773306584447727,17,16,7,1,1
33,1,40.084880067694286,4,7,6,1,1
62,0,48.121115301892694,9,8,3,1,1
35,1,39.92853852703165,0,18,0,0,0
64,1,5.990945128358805,9,25,7,0,0
41,0,35.98113037219191,4,13,3,0,0
43,1,33.20022757496754,11,21,2,1,1
42,1,54.069115450419154,6,9,8,0,1
62,1,24.552263913830448,8,10,9,0,1
58,1,19.604325276679482,11,21,3,0,1
46,0,45.116120483969745,0,23,3,1,1
32,1,25.0541819019621,10,27,8,0,1
62,1,38.942722412801245,14,9,1,1,1
18,0,38.96378036241411,1,15,4,0,0
42,1,53.33832432942701,19,20,3,0,1
24,0,36.12219793798629,6,2,8,0,0
26,1,30.37813979273822,11,25,4,1,1
41,0,8.762843920592761,17,13,8,1,1
18,0,7.386387597382969,2,2,8,1,0
61,0,9.682133134343223,6,19,1,1,0
25,0,10.724984638962123,10,26,8,1,1
41,1,38.45368701348622,17,2,2,0,1
28,0,44.58838439133742,11,3,3,0,0
68,1,32.03449561412191,5,6,0,1,1
34,0,49.826555086456715,4,3,0,1,1
25,0,59.480161990651176,0,10,0,0,0
52,0,49.29075143260168,11,24,8,1,1
52,1,41.845501233719574,10,27,7,0,1
50,0,32.18331561651023,3,6,4,1,0
22,1,27.20675776464514,17,23,4,0,1
59,1,5.521346642400269,3,16,8,1,1
56,1,24.26244052948411,16,17,2,1,1
58,1,54.65301088853699,1,19,2,0,0
45,1,48.577346479439896,1,3,6,0,0
24,1,13.355056218195388,11,18,8,1,1
26,1,28.263163189484345,5,7,5,1,0
25,1,49.0950305522334,9,9,1,0,0
29,1,4.50938100973859,15,20,0,1,1
51,0,23.54985884728523,13,12,1,0,0
50,0,51.18455359399989,6,5,0,0,0
65,0,24.531922918122362,18,3,9,1,1
40,0,5.118071361520731,16,11,9,0,1
41,0,32.780794927668964,8,25,8,0,1
54,1,51.773678447638574,12,4,9,1,1
52,1,35.621989805713,4,5,7,0,0
61,1,13.963606938746793,4,1,6,0,0
57,1,23.36225739817419,9,27,2,0,0
39,1,27.282339990324964,9,28,7,0,1
44,1,34.966348052321344,6,29,1,1,1
52,1,45.68138603228048,14,18,1,0,1
18,0,6.382980249617806,6,12,9,1,1
52,0,53.4342959645452,14,13,2,0,0
54,0,1.2324273294564976,2,9,6,1,0
64,0,22.51811391311819,18,2,0,0,0
31,1,2.1315084433731304,9,5,7,1,1
20,1,23.88196640804483,14,13,6,0,0
18,1,31.785849632962766,2,16,3,0,0
22,0,30.94504250159995,5,16,4,0,0
43,1,10.354886648181788,11,24,9,0,1
31,1,38.92156035068893,14,3,0,1,1
56,1,3.164317805027759,5,22,3,1,0
44,0,45.83345579787871,12,4,0,0,0
26,1,56.825343822616,18,11,0,1,1
32,0,20.716245215491515,2,23,9,0,0
32,0,31.275743212002748,7,26,0,0,0
43,0,23.045161544499457,7,14,6,1,1
59,0,0.8992682230915673,19,29,6,1,1
30,1,23.4595329222594,14,3,3,1,1
68,0,47.60735542605011,3,16,1,0,0
49,0,35.96133610991717,18,22,2,0,1
56,1,6.524964919601956,2,15,7,1,0
66,1,50.90479963678021,12,28,7,0,1
69,0,32.09957802067195,7,10,5,1,0
49,1,50.58254002380823,15,9,9,1,1
21,0,35.023180367709244,12,11,8,1,1
47,0,33.80146246785743,2,16,8,1,1
54,0,6.762921519222237,15,10,3,1,0
40,0,10.457904121748363,8,17,0,1,0
56,1,58.33550276154717,13,19,0,0,1
62,0,14.09496143190886,12,2,9,0,1
32,1,58.65840102042689,6,24,4,1,1
60,1,32.14880603819367,14,23,1,1,1
46,1,8.579448300304259,6,2,5,1,0
53,1,6.4084810638447305,5,6,6,0,0
30,0,12.927412206991528,1,19,0,1,0
49,1,55.57542113650748,8,8,5,1,1
24,0,25.141938347529493,16,26,7,1,1
68,1,24.028338945578405,4,29,4,0,0
39,1,19.135772533675354,11,3,6,1,1
45,0,9.250180108712009,0,26,9,0,0
19,0,29.527146232948184,9,14,5,0,0
59,0,8.237843059412752,10,25,3,1,0
62,1,50.211074064748495,15,16,6,0,1
23,1,22.538620683380735,13,1,9,0,1
45,0,22.80081228301688,7,21,8,0,0
45,0,28.703382494747775,16,3,9,1,1
61,0,26.92559893336222,17,22,9,0,1
61,0,59.69404939702963,11,26,6,1,1
37,1,32.950176712489,16,18,4,1,1
47,0,5.748001375497306,13,9,6,1,1
28,0,36.609201823827334,15,6,2,0,0
45,0,9.519265425757858,13,23,1,1,0
42,0,2.3407898615148475,8,21,4,0,0
56,1,58.25915814379626,3,25,3,0,1
50,0,46.52556404630655,10,1,4,0,0
18,1,58.81648504861913,5,21,7,0,1
44,0,28.933767657323425,14,27,3,1,1
69,0,32.16932310336408,4,10,8,1,0
30,1,10.516048877188249,10,27,6,0,1
58,0,15.190991886721342,17,6,9,1,1
20,1,50.39367828671828,12,23,6,1,1
56,1,21.693046003496853,10,12,7,1,1
23,0,49.69549094088693,13,4,5,0,1
25,1,42.686316595078395,17,28,7,1,1
44,1,11.041670053675999,18,13,2,0,0
26,1,30.69305878412466,14,17,9,1,1
54,1,40.80454563036365,8,27,9,0,1
50,1,14.484714280827594,7,8,0,0,0
68,1,49.925966375944576,19,26,5,0,1
59,1,32.91724562393861,0,20,0,1,0
61,1,10.33190200133489,3,3,8,0,0
41,0,35.18757335679385,13,12,1,1,1
32,0,59.98297134727689,1,7,1,0,0
49,1,9.456028753973106,15,12,6,1,1
49,0,49.097037342111925,2,2,1,0,0
41,1,12.834885689659698,7,24,9,1,1
58,1,47.052105602875194,5,14,7,0,1
69,0,44.20738642572409,15,22,5,0,1
66,1,18.379118443225725,15,23,6,0,1
66,1,19.886475495084763,6,5,6,1,1
69,1,47.655022821793686,12,9,5,0,1
29,1,27.956007957295103,12,21,9,0,1
56,0,43.98367270835262,4,11,8,0,0
19,1,9.305056768267168,19,5,8,0,1
20,1,51.22718802314243,17,3,6,1,1
66,1,42.79764064259799,14,27,8,0,1
54,0,54.46309712567262,17,17,9,0,1
66,1,8.376156552580861,1,2,2,1,0
34,0,35.78436277145556,9,24,2,1,1
66,0,36.14767480989935,12,1,0,1,1
19,1,21.530914062533554,17,7,4,0,0
19,1,27.77875226187084,14,14,3,1,1
45,0,2.7599030157462816,11,5,1,1,0
40,1,44.878672298307215,14,19,8,1,1
54,0,33.18468752448886,12,28,2,0,1
49,0,3.9355925862158396,17,28,7,0,1
50,1,41.00497563114889,14,11,5,0,1
18,1,28.27353359525568,10,23,4,1,1
36,0,2.5504449357875,18,25,0,0,0
19,0,58.19165974746168,2,2,3,1,1
61,0,56.97217251382171,6,8,2,1,1
43,0,31.017693760758256,13,9,0,1,1
49,1,6.073509032001657,13,27,4,0,1
23,1,45.399962685116215,12,3,5,1,1
49,1,29.769900456290877,11,2,1,1,1
21,1,18.495624958218105,8,7,2,0,0
28,1,29.739381562949127,0,5,5,1,1
34,0,31.585426651625134,18,21,3,1,1
55,1,33.98134609182918,10,26,8,1,1
41,1,26.752810962491928,18,5,4,0,1
22,1,36.542440536773874,17,20,3,1,1
69,1,55.16471528107945,11,13,1,0,1
51,1,22.054951182366175,0,21,5,0,0
23,0,43.68012956158697,18,29,9,1,1
39,0,53.719927131041814,19,20,1,1,1
28,0,27.630766907716247,16,29,6,1,1
65,1,26.885622264723295,4,6,2,1,0
33,0,36.32596062860938,2,20,8,0,1
50,0,35.68870218563804,1,18,4,0,0
26,1,48.49206586841348,2,25,7,1,1
23,1,28.850761334808414,7,2,5,0,0
33,1,59.76931550354675,15,25,9,1,1
46,0,4.038558347603207,5,26,7,1,0
20,0,0.6884869905517534,12,6,2,1,0
37,1,38.59179953779762,15,9,2,1,1
53,1,18.25687728553166,15,25,4,0,1
36,0,14.802752127619286,2,3,9,0,0
43,0,19.05799526025469,12,1,2,1,1
20,1,15.73483012374478,13,1,7,1,1
36,1,2.332007954796647,7,19,9,0,0
37,0,58.30621602224003,11,5,7,0,1
49,1,13.634356562940514,7,13,1,0,0
24,0,44.174770874063725,8,19,3,1,1
69,0,45.87448548430343,0,12,9,0,0
58,0,55.79081518143014,5,16,0,1,1
50,0,2.3176926970561085,18,25,3,1,1
57,1,52.38687613759696,10,25,3,0,1
56,1,31.869957759968113,10,19,9,1,1
35,0,38.136374542966756,12,3,8,0,1
57,0,38.845981488701504,10,12,2,1,1
18,0,49.27796939659129,17,5,1,1,1
28,0,20.337735668467076,14,2,8,1,1
45,0,44.116545796669605,0,22,8,1,1
42,1,31.950397528470727,6,7,0,1,1
67,1,47.70694385116819,12,13,5,1,1
40,1,59.437488949822935,11,25,9,0,1
48,1,12.438735535523794,17,15,7,0,1
47,0,59.68159417281987,18,22,2,1,1
59,0,5.843823179825053,14,3,8,0,0
52,0,0.637894100336425,7,28,1,1,0
24,0,3.12763520258096,18,21,5,0,0
33,0,20.83605308183732,9,20,0,0,0
43,1,38.15792667536683,6,5,6,1,1
65,0,4.607257682827052,17,24,2,0,0
69,1,0.8371159645092525,15,8,6,1,0
66,1,56.25691619329829,19,22,3,0,1
19,1,49.404634838425814,5,1,8,1,1
18,1,48.64639868277235,8,8,4,0,1
65,0,53.12324439236764,12,24,2,1,1
29,1,42.152039229940215,7,18,7,0,1
22,1,6.712045720010845,15,20,5,1,0
54,1,24.246461190386523,12,28,1,0,1
49,0,43.52739444464546,12,16,2,1,1
26,0,17.179900417095496,16,18,7,0,1
58,0,41.40067866610614,19,20,9,1,1
52,1,1.957657671925315,4,12,6,0,0
36,1,18.715171782335798,16,13,9,1,1
65,0,33.17325500849177,8,13,5,1,1
33,1,38.109344855621416,1,10,0,1,1
20,0,34.833919535483695,17,7,8,1,1
37,0,42.016498426369054,8,25,2,0,1
41,1,0.8622805202704247,5,14,4,0,0
50,1,6.506001398662528,10,24,6,0,0
41,1,52.20218301060913,5,16,6,1,1
69,1,41.06404432336459,5,15,2,1,1
28,0,7.219432739817672,12,12,3,1,0
66,0,50.60342902521546,10,9,9,1,1
25,0,14.912757460561732,13,8,6,1,1
53,0,28.956463109615797,1,18,7,0,0
55,0,9.139192516637287,7,23,1,0,0
57,1,42.75154835709154,2,18,8,0,1
37,0,40.17783805034894,2,13,6,1,0
52,0,13.061192034385103,0,28,7,1,0
65,0,51.872345627991606,18,27,5,1,1
42,1,24.377708441072876,17,18,5,1,1
52,1,17.904647918709138,16,15,8,1,1
42,1,9.56361057313986,19,4,3,1,1
46,1,16.33699674467448,12,17,4,1,1
35,0,1.8106018128171113,2,5,8,0,0
63,0,35.203820801138875,0,22,0,0,0
35,1,50.6127294074649,3,16,3,1,1
19,1,33.16433674177769,12,9,6,1,1
52,0,13.546800734470605,16,10,8,1,1
33,0,2.503316103725427,10,24,9,0,0
58,1,13.27037035889877,1,18,5,0,0
53,1,25.259224970229994,15,17,7,1,1
50,1,45.69688000763789,1,18,8,0,1
21,1,11.67664972599756,18,7,9,0,1
50,0,43.32759147460382,18,4,3,0,0
31,0,52.08254136693708,15,26,0,1,1
38,0,27.509837462447244,18,5,7,0,1
65,1,49.3752035027343,8,28,1,0,1
37,1,33.502112208088185,0,23,0,1,1
25,0,38.40690480631385,9,16,6,1,1
24,0,31.81356839012306,18,3,9,0,1
20,0,28.058776646704835,0,26,8,1,1
34,0,14.461879785663037,1,18,8,0,0
50,1,18.54004653793224,15,29,2,0,1
65,0,17.753222077144738,11,23,5,1,1
29,0,34.01569139175198,7,21,6,1,1
68,0,7.63724473492145,17,14,9,0,0
39,0,55.04910559678894,1,15,8,1,1
39,0,43.37898114434524,12,17,1,1,1
63,0,24.38601503933502,5,1,7,0,0
47,0,9.938136599319488,5,25,6,0,0
55,1,52.978534098437336,8,21,3,0,1
55,1,49.51479636101933,15,17,1,0,1
62,1,43.442432386672166,10,23,7,0,1
68,1,16.65704932096892,6,25,4,0,0
25,0,24.4455749273033,9,11,5,1,1
44,1,6.61352102091919,9,17,6,1,0
44,1,11.747851721288137,19,26,9,0,1
51,0,47.089489920345606,17,14,0,1,1
38,0,43.04480377161569,19,29,7,1,1
47,1,35.81240289706811,8,20,3,0,1
50,1,53.79574019260728,14,19,8,1,1
45,0,35.2043578098762,3,21,0,1,0
64,1,28.28459599783484,7,7,1,0,0
50,0,20.75205940519288,8,24,5,1,1
22,0,56.45668609130227,12,13,9,1,1
65,0,5.421569960699033,8,18,0,0,0
36,0,55.8877986376181,3,23,3,1,1
21,1,49.68952226589559,16,14,7,1,1
52,0,8.230830509874227,15,1,9,1,1
66,0,34.116569281677585,14,7,4,0,0
34,1,52.05960491407067,2,8,8,0,1
61,0,34.52264523462565,19,18,5,1,1
45,1,54.478389382857024,4,9,0,1,1
47,1,56.60753710055453,4,1,5,0,1
46,1,25.6318790699662,19,29,5,0,1
63,0,22.950162853676254,14,22,5,1,1
23,1,56.21110866116483,17,17,7,0,1
52,1,40.67083363840525,14,19,5,1,1
58,0,7.403349540216072,1,27,4,1,0
54,1,3.0163590787495314,12,6,1,0,0
41,1,34.09542853433716,3,3,3,0,0
46,1,55.845172443586264,9,24,9,1,1
66,1,50.7327977931462,12,5,4,1,1
63,1,40.71294091462802,9,2,9,0,1
48,0,8.777393009019708,8,20,3,1,0
52,1,15.626767333047388,7,25,1,0,0
50,1,52.59291797988066,2,4,6,0,1
69,0,11.377030581085577,15,10,9,0,0
38,0,17.067144790900855,13,10,9,0,0
49,0,8.211238746128796,8,24,1,0,0
40,1,40.72843976915746,10,21,0,1,1
50,0,56.66694716911097,2,11,4,0,0
20,1,16.503597879925465,4,27,0,0,0
35,1,28.786693167079385,9,16,0,0,1
42,0,38.24321451281666,12,26,0,0,1
59,0,59.968241768830026,3,29,5,0,0
48,1,6.73607986735554,12,29,8,0,1
20,0,30.164962570589694,11,17,9,0,1
57,1,23.414647134198752,4,16,0,1,0
63,0,52.016299830730134,9,7,4,1,1
41,0,28.820079995193527,8,16,8,1,1
67,0,7.103162712816311,19,3,8,1,1
49,1,38.248236644551724,6,26,0,0,0
64,0,46.361446786700846,1,16,7,1,0
39,1,0.6714344741040683,6,8,0,0,0
40,1,51.60792278252746,7,12,7,1,1
19,1,11.568368500337105,6,3,0,1,0
44,1,33.348127196875986,13,17,4,0,1
59,0,25.239951290903285,18,21,7,0,1
19,1,43.31940208832656,4,18,5,1,1
43,1,22.584116079751638,17,11,8,1,1
34,0,52.25090901256179,19,4,0,1,1
57,1,43.96453347704802,11,16,8,1,1
50,0,39.03893367824383,16,17,0,0,0
26,1,47.87631543598983,12,9,9,1,1
60,0,45.36437057823875,1,6,9,1,1
65,1,2.6383511578324237,12,24,2,1,0
56,0,23.986694053767273,6,27,0,1,0
46,1,55.883034190331145,9,20,2,1,1
59,1,7.98059400503746,5,25,1,0,0
43,0,44.357244750707046,2,2,1,0,0
52,0,58.488212774452116,2,9,8,0,1
67,0,3.6058184281758123,17,28,7,0,0
42,0,41.090535897283324,10,21,0,0,0
41,1,28.35517140741131,19,29,3,1,1
30,1,34.96092769479597,4,6,0,0,0
24,0,5.577809520817328,18,3,0,0,0
53,1,3.0589136360828992,18,20,3,1,1
62,0,40.17856630277984,14,6,1,0,1
37,0,49.48691107433271,15,7,2,0,1
18,1,47.02991242851155,8,1,8,0,1
25,1,32.85644080804112,3,23,1,0,0
63,1,6.442075857602601,14,1,3,1,0
33,1,41.43864440824282,11,5,0,1,1
31,1,14.892388571471685,2,6,1,0,0
29,1,54.708587814659325,13,13,4,1,1
68,1,50.376788892969444,16,2,9,0,1
40,0,42.708286541699756,18,15,0,1,1
32,0,56.95633437195226,5,15,6,1,1
45,0,2.369598379920739,3,13,3,1,0
51,0,44.30392529111534,6,26,5,1,1
19,0,20.14944537051612,18,25,7,1,1
49,1,54.41092019833873,16,14,5,1,1
40,0,16.367174201387666,15,26,1,1,1
39,0,43.62896170924351,14,22,0,1,1
68,0,52.71999766922149,7,7,7,1,1
42,0,2.9785806937696044,18,14,7,1,1
39,0,24.16003098572615,7,26,8,1,1
39,0,45.85738740530535,17,24,5,0,1
66,0,27.56767392570143,15,27,0,1,1
69,1,16.401531472718922,19,29,8,0,0
59,1,13.578418254979807,18,10,2,1,1
23,0,8.325336881524485,9,17,5,0,0
32,1,51.499208811448796,16,14,9,0,1
60,1,34.73364649346758,12,8,9,0,1
54,1,5.044904226991631,12,4,8,1,0
50,1,23.26352925245281,6,26,2,1,1
25,0,22.380152222904037,9,16,4,1,1
61,1,11.313481847213048,1,24,4,1,0
61,1,26.412703715595345,3,13,9,0,0
22,1,20.25991224089162,5,22,6,1,1
56,0,20.83732047678486,17,27,3,1,1
21,0,44.47208018838354,5,25,3,1,1
23,0,13.78417143755918,16,27,6,1,1
62,0,38.69066755189365,13,20,8,1,1
49,0,34.453652620915626,10,18,3,1,1
69,0,34.301504484103106,18,14,3,1,1
47,0,39.94893709543567,1,18,5,1,1
64,1,33.12873115364141,2,5,5,0,0
52,1,52.81567933335989,10,26,6,0,1
57,1,40.69701547104046,5,9,0,1,0
69,0,33.04431345659759,13,28,2,1,1
33,0,49.87090565711487,18,3,8,1,1
30,0,36.56572061354204,15,8,5,1,1
67,0,17.82308274321815,6,20,5,0,0
59,0,12.822147631505988,7,22,4,0,0
47,1,9.563503246929388,18,10,2,1,1
36,1,54.01758514649305,19,22,4,0,1
34,0,42.75305819198492,15,19,0,0,0
36,0,56.274017070777084,6,21,2,1,1
45,0,36.39586244003911,8,28,3,1,1
43,0,28.667352448947298,12,3,4,1,1
54,1,4.053131093767915,0,11,9,0,0
43,0,40.462715751988775,7,11,8,0,1
40,0,35.141421206209756,3,17,3,1,0
26,0,59.41742916846348,2,16,2,1,1
29,0,14.729947278043461,2,7,9,0,0
18,1,32.07887263956673,12,4,0,0,0
18,0,39.23196143952532,7,23,9,1,1
64,0,38.853174897169446,6,19,5,0,0
51,1,33.896965805429964,0,12,6,1,1
49,1,46.72721661446992,15,15,9,1,1
65,1,12.696381966845577,5,11,7,0,0
42,0,43.674818416327746,6,5,0,0,0
57,0,37.374207000268804,11,5,3,0,0
62,1,53.81646915177711,8,15,4,1,1
18,1,50.90806912249811,10,29,1,1,1
33,1,19.25124882838692,9,18,0,1,1
56,1,16.93612083602161,0,11,7,1,1
22,1,58.90837276922065,17,26,5,1,1
39,1,31.872278264457766,3,12,4,1,1
46,0,54.43204735290899,4,2,8,0,1
20,0,10.25092091493869,8,20,1,1,0
29,0,38.74772543061037,16,15,9,1,1
43,1,48.68668114795488,2,20,7,1,1
33,1,56.87001735039359,15,4,9,1,1
68,1,20.5717383905129,4,22,8,0,1
54,1,43.63637961048112,15,18,0,1,1
39,1,32.55937403785733,2,6,6,0,0
46,1,4.107421100954857,19,23,7,0,1
31,0,41.55498436988213,14,27,2,1,1
45,0,41.560745215151684,2,26,3,1,1
22,1,55.871104888368954,19,19,2,0,1
64,0,30.090090547053858,13,11,6,0,1
66,1,14.199929782275623,15,28,8,1,1
47,0,3.1515474951964095,16,24,2,0,1
63,1,25.23071010781139,19,2,5,1,1
69,1,18.46404365461136,17,27,7,1,1
22,0,45.784754208420594,17,8,5,0,1
29,0,21.578932008042273,13,29,1,1,1
33,1,56.969736180733214,17,11,6,1,1
43,1,57.75745707777316,14,5,1,1,1
43,0,37.44406111795363,14,18,1,0,1
65,0,55.75528707738553,5,23,1,0,1
38,1,45.77083349861249,14,18,0,0,1
56,0,33.038148638020004,17,14,0,1,1
53,1,11.228322157655299,3,22,6,0,0
50,1,27.786577639073478,7,10,4,0,0
47,1,33.872030570075744,14,3,2,0,1
54,1,51.90571405373311,2,9,0,1,0
40,0,29.13933590387206,14,3,9,1,1
27,0,53.91164302433842,12,11,5,0,1
22,0,40.6237642518964,8,12,0,0,0
53,0,8.651444251693446,1,12,8,0,0
51,0,59.70139147484303,7,3,1,1,1
69,0,31.870343314857802,19,21,0,0,1
48,0,23.815568636340192,16,7,6,1,1
27,1,39.717268985936826,12,14,5,1,1
36,0,6.979152181871825,0,24,5,1,0
49,0,38.374049481824585,1,28,4,0,0
18,1,30.14504202970674,14,11,3,0,1
22,0,24.697107164915696,11,7,3,1,1
62,0,57.2046912601445,13,25,2,1,1
21,1,31.591113145557166,1,21,9,1,1
33,0,13.537490028461336,17,10,7,1,1
41,0,27.808327022949268,6,11,6,0,0
33,0,55.20355057207402,5,15,8,0,1
19,1,10.977680544170383,13,19,0,1,1
66,0,13.230443801950095,7,16,6,1,0
45,0,1.2752592815464832,1,22,9,1,0
49,1,1.3443079390481472,16,21,3,0,0
44,0,49.848801804031496,4,28,6,1,1
37,1,44.06129510715587,13,20,0,0,1
41,1,21.62494285889152,19,12,4,1,1
29,0,42.04951385504058,2,18,2,0,0
67,1,24.01475261544323,4,23,4,0,0
52,1,57.19735936187074,15,13,3,1,1
50,0,58.03963454484907,17,5,1,0,1
50,1,23.87122966065593,16,4,3,0,1
68,1,51.32620342728165,10,28,2,0,1
60,0,46.498797980999235,16,14,0,0,1
54,0,18.944996261721464,15,8,9,1,1
29,0,14.306369819615805,1,9,7,1,0
20,1,27.764961698373614,3,25,4,1,1
18,0,46.99025601655717,6,19,3,1,1
50,1,57.62998319136035,1,3,9,1,1
57,1,45.932954597561064,5,5,4,0,1
27,1,51.384815608593016,16,21,3,0,1
60,1,36.38232621714573,6,26,2,0,0
61,1,50.20676593510649,4,18,4,0,1
46,1,47.17304105120335,4,1,3,1,1
30,1,22.930639744613664,19,8,0,1,1
29,0,33.34342297618291,15,19,2,0,1
48,0,48.382810758386846,18,17,9,1,1
63,1,3.2403756843024043,8,17,9,0,0
19,1,48.580717300171884,4,11,7,0,1
68,0,11.084343380916895,7,2,6,1,0
67,1,31.12367521872562,8,6,1,1,1
52,0,48.59238865357829,4,22,0,1,1
40,0,15.602354150323343,9,14,2,1,0
34,0,15.125542638716103,1,3,4,1,0
43,1,24.464481708503985,8,12,9,1,1
25,1,53.731246455869254,10,4,0,1,1
46,0,0.5263454955138691,3,12,2,0,0
43,0,54.13229425019513,1,13,2,1,1
27,0,9.651517966175662,5,2,4,0,0
43,0,59.41013937601518,13,2,2,0,1
51,0,57.31339608578885,0,15,8,1,1
68,1,29.933173780681358,17,23,0,0,0
58,0,31.006854744851374,6,29,3,1,1
24,1,29.15218574641333,0,17,9,0,0
21,0,38.308896916741595,0,7,9,0,0
67,1,5.897941282978397,0,28,3,0,0
62,1,2.440767926323207,3,14,0,1,0
28,1,3.933324240745982,3,12,1,0,0
46,1,26.939738279870106,17,17,0,0,1
53,1,16.895102383559262,10,14,5,0,0
42,1,37.51135396107413,0,6,2,1,0
38,0,59.55031621779935,9,19,6,0,1
53,1,23.486228798049723,8,24,4,1,1
27,0,34.64355461921855,3,6,8,0,0
54,1,25.228431806486462,5,27,6,0,1
26,1,50.912664229450634,15,18,3,0,1
41,0,54.183066006003166,1,24,4,1,1
52,1,52.70265892621297,17,5,4,0,1
66,0,58.47514820141583,9,24,4,0,1
52,0,2.13739151585471,16,24,9,0,1
65,0,50.469061647659096,12,6,8,0,1
53,0,45.23044429582605,17,2,9,1,1
35,1,14.107317359321705,12,8,2,0,0
66,1,57.40104555655789,16,15,5,0,1
56,0,9.316586729681756,4,15,7,0,0
49,1,40.93322066446755,10,11,8,0,1
41,1,13.880967900546793,6,22,6,1,0
40,0,26.16714860205744,9,22,2,0,0
49,1,43.290013868201854,16,24,0,0,1
54,0,34.01781620096628,14,1,3,1,1
29,0,25.936358964022645,17,18,5,0,1
66,1,19.91713664045324,18,12,2,0,1
30,1,50.45974951467302,1,12,0,0,0
40,1,9.056953843731415,3,25,5,1,1
42,0,26.091121153523105,2,11,0,0,0
52,0,54.27357552062096,6,28,8,1,1
58,1,50.82804825236808,17,8,0,1,1
47,1,24.356034867146278,9,28,5,1,1
34,1,45.904947634277846,6,7,0,1,1
66,1,49.478069427177125,7,23,6,1,1
37,0,53.38880172821597,5,21,2,1,1
65,1,32.898093258429064,0,2,5,1,0
42,0,12.665422720255352,3,11,6,0,0
39,0,15.690890051983933,13,22,0,0,0
30,1,18.09383310547545,16,10,0,1,1
36,1,35.83124760817212,19,3,4,1,1
66,1,2.452172635652202,17,20,5,1,1
53,0,38.34452689240811,10,29,8,1,1
29,1,22.179077186479805,13,10,0,1,1
58,1,18.066887248133707,8,28,3,1,1
36,0,52.83004595832352,14,27,9,0,1
29,1,27.870142537057536,11,18,7,0,1
26,0,6.155656209195221,9,14,9,1,1
24,1,49.691432697561694,18,18,8,1,1
45,0,3.334654817472143,18,28,2,1,1
31,1,43.7415788380077,5,24,1,0,0
48,1,46.547420195354576,19,8,3,1,1
69,0,21.47985505276706,5,10,1,0,0
36,0,49.57487744852831,7,22,0,0,0
64,1,31.181734648458978,0,13,2,0,0
33,0,28.065972369731412,16,21,6,1,1
22,0,3.2014952473872067,16,8,0,1,0
52,0,17.7567370221099,14,4,1,0,0
29,0,55.895093267675335,6,27,0,0,1
42,1,23.81352581536825,18,4,7,0,1
69,1,33.02868097312771,2,5,4,0,0
38,0,32.15528989956298,10,1,7,1,1
53,0,35.630649844450254,19,17,2,0,1
40,0,4.149191860775316,18,2,6,1,1
33,0,22.049487160524333,8,8,7,0,0
56,1,43.52613229601197,9,7,5,1,1
62,1,12.433334938842483,1,15,6,0,0
59,0,12.612913464008447,0,26,1,1,0
56,0,1.1003910979969713,15,25,7,1,1
31,0,26.53017463318848,17,5,4,1,1
48,1,53.02269565006861,16,2,6,0,1
22,0,3.588106143444886,5,7,0,1,0
52,1,11.871563215012156,13,8,4,0,0
40,0,18.950030031393926,14,28,0,1,1
46,1,44.03762182557067,13,7,7,1,1
60,0,38.6178177717539,2,7,3,0,0
28,1,25.248662322620376,18,28,3,1,1
35,0,45.66460188587335,11,14,1,1,1
64,0,36.773045193585666,1,21,4,0,0
29,0,53.81442757960453,2,18,0,1,1
26,1,49.172591573752236,17,6,8,1,1
27,0,15.542409562307434,0,4,4,1,0
61,1,16.650595369234914,19,10,5,1,1
34,1,7.9587103096469445,5,18,1,0,0
55,0,20.549401180188664,4,12,9,1,1
24,0,59.97286316378611,0,16,9,1,1
63,0,24.64219453259613,18,25,0,1,1
30,1,13.61906186400183,0,7,3,1,0
57,0,45.8677316262954,15,6,6,1,1
59,1,32.77702470602804,11,28,5,1,1
26,1,9.401286246853676,7,5,9,1,0
67,0,23.151036029071513,15,3,0,1,1
44,0,25.160948074590927,0,12,0,0,0
19,0,45.352867183868504,3,15,7,0,1
22,0,1.7299464490683154,9,10,3,0,0
46,0,16.506668984499473,10,26,4,0,0
54,0,31.29697992827356,16,20,6,1,1
55,1,16.49638117594418,6,19,7,1,1
36,1,37.89182582143043,11,16,9,0,1
25,1,29.17111501683969,6,28,6,0,0
65,0,22.021760164145046,11,11,1,0,0
62,1,56.97791329879548,14,8,3,1,1
18,1,38.11349020159422,1,3,9,1,0
39,1,8.231511649942503,13,23,0,0,1
69,1,33.82545599788203,12,7,9,0,1
34,1,46.953545265453606,3,23,8,0,1
24,0,42.65513700082144,13,29,2,0,1
42,0,10.739309143067933,13,7,2,0,0
62,1,58.35898994288615,15,14,9,1,1
21,1,27.204411921923057,6,2,8,0,0
53,1,9.961987722545548,18,10,9,1,1
23,0,11.221647370624801,1,19,2,0,0
48,0,6.34498203525029,9,26,7,0,0
36,1,48.309327451878595,17,9,1,1,1
61,0,7.760814412149995,16,16,2,0,0
56,0,7.944952799933943,4,19,1,1,0
44,1,51.10306107826984,11,18,0,1,1
27,0,21.0039430246298,5,9,1,0,0
43,0,2.336045306330311,8,16,7,0,0
36,1,3.587770321345447,19,13,8,1,1
56,0,8.959141578881786,0,10,1,1,0
20,0,13.196904204553528,14,25,6,0,1
62,1,40.07619855718512,5,20,4,1,1
30,0,9.86091366010878,18,14,2,0,0
67,0,7.573026275035783,17,12,8,1,1
45,1,46.00078891783861,5,25,5,0,1
37,1,40.42778938966491,12,19,0,1,1
45,1,26.401791176586553,0,7,4,1,1
25,0,33.18393140306618,12,23,6,0,1
58,1,19.063049209421898,6,15,3,1,1
56,0,29.20877500400396,14,16,7,1,1
18,1,30.647022614473375,11,27,9,1,1
20,0,23.54061763509671,0,8,4,1,0
30,1,54.44104653499368,14,10,8,1,1
45,1,1.4556809663698658,3,4,8,1,0
66,1,47.03919015392915,12,19,8,1,1
42,1,7.900778458858797,4,19,0,0,0
50,0,47.95406795196337,1,28,1,1,1
55,1,37.146758982764915,0,21,2,1,1
23,1,50.67504641071594,15,27,3,0,1
61,0,6.302102375633399,5,15,9,1,0
62,1,33.759347728936554,15,14,8,1,1
49,0,30.314728875600725,13,1,9,0,0
62,1,42.51849438631984,2,16,5,1,1
64,1,32.29028783767371,14,10,0,1,1
38,1,32.6737067444197,2,19,8,0,1
33,0,26.060958642775848,1,22,5,0,0
38,1,18.87564822843678,0,3,3,1,0
28,1,29.194729494505435,8,5,3,1,1
54,1,7.550295346719835,8,9,2,0,0
53,0,57.710043669493544,6,18,6,1,1
52,0,43.0074404357826,2,11,2,0,0
36,1,57.171793442926884,17,16,1,0,1
37,0,13.990279248632813,10,2,9,0,0
35,1,52.820790700503416,6,12,7,1,1
64,1,48.62300408153054,8,22,3,0,1
58,1,40.790568541231586,0,6,7,0,0
66,1,37.68923657206974,13,11,0,0,0
31,1,19.334705083438266,19,27,4,1,1
32,1,49.07644170541933,5,8,8,1,1
48,1,30.34016995804416,6,12,0,1,1
18,0,4.71804876553148,9,29,3,0,0
20,0,19.115358070880234,6,27,5,1,0
33,0,56.15017736344699,1,2,9,1,1
40,0,51.11547550598835,3,9,7,0,1
28,0,58.92338903555408,16,15,2,0,1
29,0,37.865606264943835,0,2,4,1,0
27,0,15.226849351854511,9,29,6,1,1
49,1,10.187495455773394,18,1,0,0,0
33,1,11.621409216203467,14,10,6,1,1
25,1,1.677841671661636,9,2,7,0,0
55,1,23.745585603663383,18,12,7,0,1
29,0,11.889946989722779,11,23,8,1,1
41,0,24.993499897173795,15,8,5,1,1
45,1,56.132168694406545,8,5,5,1,1
25,1,26.1171424656778,14,22,1,1,1
45,0,52.74007757059767,16,28,2,0,1
53,1,36.52753361364465,13,1,3,1,1
43,1,15.204327502352818,17,15,3,1,1
25,1,21.673358175923077,1,6,7,1,1
67,1,5.49321238137505,3,12,0,0,0
45,0,20.341024318962624,17,8,9,1,1
45,1,40.813686257460276,6,13,3,1,1
54,1,4.790610029301393,12,19,3,0,0
58,0,12.721383804442747,14,27,0,0,0
53,0,23.195741964092033,0,1,2,0,0
44,1,58.93194745244977,10,11,4,0,1
34,0,47.19927846605337,9,20,5,0,1
26,1,44.14246141628018,4,1,8,1,1
50,1,7.413361913264035,15,8,8,0,0
37,0,46.96925567009199,10,5,8,0,1
30,1,47.223494285202904,5,17,0,0,0
45,1,36.265610389647534,8,8,8,0,1
65,1,59.426526028903126,12,25,7,0,1
46,1,19.85260740251084,7,10,1,0,0
30,0,56.50571067039017,13,2,0,0,1
63,0,54.926501339911965,0,9,0,0,0
52,1,1.1830992550879815,16,24,5,1,1
23,0,27.281933325251256,4,23,8,1,1
35,1,58.63770186656861,1,3,6,1,1
68,1,6.63572106328051,8,18,4,0,0
22,1,33.09318931580751,3,7,1,0,0
64,1,58.747971668945695,16,15,0,0,1
42,1,33.55197773429868,16,21,1,1,1
19,0,11.794010526843282,17,22,0,0,0
27,1,35.13990219050909,15,20,2,0,1
47,0,12.664214149998037,7,18,5,0,0
67,0,31.422403642221813,10,25,7,1,1
62,1,4.905511965784706,17,3,2,1,0
22,1,36.52621881825708,9,28,9,0,1
50,1,31.249001378125413,12,23,8,1,1
18,1,44.539601441307056,16,14,9,0,1
35,1,38.02667803394771,17,24,4,0,1
49,0,33.20157297758002,9,2,6,1,1
64,1,41.54184153026321,15,14,7,1,1
66,1,9.064543857547736,19,22,2,1,1
28,0,35.92389984488694,4,11,1,1,0
38,0,10.740580867955272,12,16,1,0,0
43,1,55.56857136718691,17,8,4,0,1
42,0,4.5658792383134505,16,7,0,1,0
39,1,26.1072976066022,8,11,1,1,1
44,0,41.89994992049897,13,3,8,0,1
66,0,27.752321594261396,16,17,6,0,1
30,1,5.97966756735769,3,14,5,0,0
50,0,33.42605145953909,17,6,8,0,1
51,0,38.677098575227596,19,8,6,1,1
58,0,42.375642503935204,14,22,4,1,1
52,0,22.708958960534154,10,5,8,1,1
18,0,34.03776827621135,11,27,5,0,1
38,0,27.31584525886533,8,28,5,0,1
65,1,40.48733430575908,12,8,3,1,1
23,1,35.221639555826705,14,2,0,1,1
45,0,31.782495063768526,14,15,4,1,1
34,1,15.346699826875794,4,12,8,0,0
22,1,0.620101806019918,18,17,7,1,1
48,1,10.85785968103004,19,1,7,0,1
22,0,7.465429464738035,13,15,4,1,0
55,1,27.220542328151332,16,14,8,1,1
20,0,36.929359970329756,17,20,2,1,1
40,1,13.178558016746086,2,22,2,0,0
54,0,56.37389721004763,1,16,0,0,0
54,0,0.8975866888213229,0,29,8,0,0
27,1,46.4519104023379,9,9,5,0,1
27,1,37.69968378706131,18,1,1,0,1
36,0,22.726510662337073,16,28,7,0,1
34,1,3.5040921925382715,11,17,8,1,0
38,1,37.83545102116462,0,29,8,0,1
31,1,23.44400401550606,11,13,1,1,1
26,0,56.20789479508654,16,21,1,0,1
63,0,32.74840945594107,2,26,6,1,1
18,1,56.40926492196374,10,21,3,1,1
68,1,13.618779761661594,16,5,0,0,0
62,1,43.680691666664146,2,10,7,1,1
30,0,37.22631674049918,7,6,1,0,0
21,0,44.49478967496305,19,24,2,0,1
18,1,13.272737906365938,3,19,4,0,0
66,1,40.067173716147536,6,25,2,0,0
57,1,30.133403386883703,13,13,6,1,1
49,1,44.69808600692582,13,1,6,0,1
51,1,19.959156327033156,3,20,1,1,0
45,1,53.45839301518253,15,25,6,1,1
48,0,5.515928219375347,0,15,5,1,0
25,1,48.52776446807569,16,14,9,0,1
56,0,51.7485177359979,9,8,8,1,1
43,1,49.12651252632586,15,10,8,0,1
51,1,31.007220458575674,15,9,1,1,1
20,0,26.583906311830297,7,17,6,0,0
67,0,59.77760604823017,6,9,4,0,1
29,0,14.135731097242646,5,3,5,0,0
18,0,33.03911996962465,15,11,0,0,0
61,1,40.40519376024837,19,12,6,1,1
22,0,42.201624333755205,15,10,5,1,1
47,1,12.639467611445433,6,25,3,0,0
47,0,39.412648494218175,8,17,0,1,1
34,1,49.19298920563957,13,17,8,0,1
65,1,3.4761053208561767,10,25,3,0,0
64,1,54.73551695285633,13,11,1,1,1
40,1,2.255491281139753,6,22,7,0,0
32,1,21.680276433059465,0,4,1,0,0
54,1,1.440885175861243,12,7,4,0,0
38,0,5.090137528105121,19,21,5,0,1
31,1,54.714512968214706,2,26,7,0,1
19,0,21.614219429395796,19,14,0,1,1
28,0,25.773906060290646,3,7,0,1,0
68,1,13.31299069226188,10,24,3,1,1
56,0,36.027198326109826,1,8,4,0,0
55,1,35.89079127332848,13,1,8,0,1
51,0,22.645923313600544,11,24,6,0,1
55,1,20.3155748724212,16,22,6,0,1
67,0,53.15537633674497,11,4,7,0,1
51,1,23.30541225871098,11,29,4,0,1
35,1,29.86330903318729,0,12,4,1,1
47,1,17.356633364283372,12,24,0,0,0
32,1,47.31278544974908,13,3,8,1,1
44,0,24.148165335495953,1,13,5,0,0
68,1,31.05985726938731,11,20,8,1,1
51,0,15.574751618549854,15,6,2,0,0
69,0,59.26574574430448,3,11,4,1,1
55,0,17.843996584961513,7,23,1,1,0
50,1,46.35918058888033,1,4,9,0,0
41,0,25.93599119622717,9,20,4,0,1
32,0,12.769935602506322,8,16,7,1,1
47,0,48.08326645590924,14,7,1,0,1
59,1,20.34960394722807,12,22,7,0,1
68,1,51.97900417016976,16,29,3,0,1
34,0,54.95780250261047,15,11,9,1,1
22,1,51.65951820578092,1,24,9,0,1
46,1,2.5829709310049362,19,1,0,1,0
21,0,47.34871402780378,19,26,4,1,1
27,0,24.97469825669906,13,29,0,0,0
34,1,52.48651375084239,2,27,6,1,1
27,0,38.458278629741955,11,7,7,0,1
34,1,50.10176648156553,7,12,2,0,1
37,1,30.216190307076705,1,7,2,1,0
41,1,32.334017523636504,3,27,6,1,1
22,1,9.0910641119532,13,23,3,1,1
51,1,47.14724784201665,15,7,2,1,1
23,1,25.45368189418481,18,10,7,1,1
19,0,30.254767037159166,1,16,2,0,0
30,0,47.2133139886946,11,26,6,1,1
60,1,36.13130130472662,13,8,1,0,0
60,1,12.465374282838713,5,9,0,0,0
65,1,35.618843219478116,12,9,5,1,1
28,0,24.754155049789517,3,2,7,1,0
68,1,28.436769751609827,17,13,0,1,1
64,0,2.1845208269587335,11,13,9,1,1
40,1,12.996746296218756,19,23,8,1,1
33,1,17.22176584217118,18,23,2,0,1
48,0,42.92112046759894,7,4,2,0,0
28,0,1.183802161237861,6,25,3,0,0
33,1,24.822247043133356,15,24,0,1,1
25,1,55.4795987903311,18,12,8,1,1
21,1,7.156896684672869,5,17,2,0,0
57,0,31.227251099007358,19,2,9,1,1
21,0,47.2980817522554,10,13,3,1,1
42,0,56.580612797446946,4,29,0,1,1
20,0,44.93321005225622,15,18,3,0,1
49,0,43.373650144342164,6,28,0,1,1
20,0,49.676041366647866,4,28,4,0,1
44,1,27.048972648163847,10,27,4,1,1
46,1,48.447749690761064,14,15,6,1,1
49,0,0.9738820823543419,2,8,7,0,0
67,1,55.51138279491989,4,15,3,1,1
68,1,26.87673731627193,4,1,6,1,0
36,0,33.42612117801198,8,20,3,1,1
38,1,15.665493810435498,14,10,2,0,0
22,0,44.68058455400507,2,12,5,1,0
35,0,5.059830485277304,5,5,3,1,0
45,1,52.4218302515367,16,9,2,1,1
59,0,49.77295132587739,7,23,8,1,1
39,0,13.355576916563601,10,8,4,1,0
38,0,48.65480169797311,5,16,6,0,1
23,0,47.288285117158146,7,14,5,0,0
18,0,38.116887566359964,9,27,9,1,1
22,0,22.72445052553141,2,25,4,1,0
58,0,16.65417587382114,13,13,6,0,0
29,0,14.291123622216327,13,23,5,1,1
43,1,19.457233284434626,9,21,9,1,1
63,1,54.261727384235556,11,13,1,1,1
51,1,5.119626171332486,5,5,2,1,0
66,0,49.81784093705104,11,16,1,1,1
31,0,21.258959464988504,13,26,2,1,1
43,1,31.53516406267581,1,11,0,1,0
62,1,47.7718952020852,8,22,7,1,1
44,1,53.12040454786679,9,5,5,0,1
26,0,21.0144944943225,16,13,1,0,0
43,1,27.979687135869064,16,28,7,1,1
64,1,25.16370585659914,2,11,5,1,0
39,0,1.2884364934826775,18,25,6,1,1
64,1,18.108601887090067,0,19,0,1,0
47,0,27.821759407087427,11,3,6,0,0
60,0,24.960069728386166,6,15,2,0,0
65,0,43.45478903718293,3,7,7,0,0
34,1,23.395815224655642,9,7,5,0,0
43,1,29.61789871375488,12,6,3,1,1
53,0,26.06171123187562,1,3,7,1,0
18,1,44.567255859215045,9,13,8,1,1
25,1,51.84685773972427,3,7,9,0,1
66,1,32.14740020094709,17,5,1,1,1
52,1,47.47121555461388,4,23,5,1,1
69,0,18.15880758018111,18,18,4,0,1
32,1,32.711491804357486,1,22,4,0,0
64,0,21.04118224336336,11,8,9,0,1
39,0,25.144955071523903,16,17,2,0,0
31,1,44.07862495635378,9,20,7,0,1
43,0,52.958917698796405,1,27,7,1,1
45,1,7.728975769722042,5,1,4,1,0
40,1,38.26103576099914,7,14,7,0,1
31,0,35.13755655087901,18,17,9,1,1
41,0,7.545694830967947,10,10,7,1,1
19,0,13.10771266118649,11,12,2,1,0
62,0,19.004648436594476,8,16,1,1,0
43,1,10.432398713641337,1,14,8,0,0
31,1,15.001904210198337,7,27,1,1,0
68,1,16.422247532271598,10,16,8,1,1
24,0,20.472593065824046,3,8,3,1,0
20,0,45.08873194166896,9,23,1,0,1
64,0,34.52877612911074,19,28,9,1,1
40,1,59.18167698110839,15,10,0,0,1
63,0,25.176781704564526,7,29,3,0,0
60,1,45.35497189329704,3,17,8,0,1
64,0,52.35237107190376,9,27,8,0,1
62,1,40.899220335763495,11,29,3,1,1
35,1,25.00595205484101,13,18,8,0,1
55,0,45.338880529372304,15,20,5,0,1
52,0,12.618194697474749,17,16,0,0,0
68,1,19.98935382821788,11,17,9,0,1
32,1,33.02777267840768,17,16,5,0,1
42,0,34.73685854352583,6,19,8,1,1
54,0,1.8174177906214526,19,24,1,0,0
45,1,56.73429423098252,6,24,5,1,1
27,0,41.949322637434705,8,8,1,1,1
56,1,29.994373138797517,0,6,3,0,0
34,1,56.02107044729435,5,6,7,1,1
56,0,26.626186132424294,5,21,6,1,1
39,0,58.83591643108712,11,29,8,1,1
43,0,30.980943055987364,11,9,6,0,1
61,0,7.300003314879778,9,4,0,0,0
42,0,46.005657861326995,5,26,1,0,0
34,1,40.89441464213151,16,12,5,0,1
30,1,46.49270991768241,18,28,6,0,1
37,0,57.11080070917802,17,12,2,0,1
42,0,46.70111350773558,5,23,8,0,1
21,0,36.87452783189049,18,17,6,1,1
27,1,51.50987969047004,9,15,5,1,1
20,0,40.558163141594626,7,9,5,0,0
58,0,24.783083881142424,5,7,0,1,0
62,1,53.19437597238551,6,10,4,0,1
35,1,13.703077416670185,0,16,9,0,0
64,0,43.02115585706909,17,12,2,0,1
53,0,52.953025568975036,19,25,6,1,1
64,0,44.01333292234613,11,7,9,0,1
39,1,41.987887433704486,15,18,2,0,1
51,0,45.281978497274245,9,15,4,0,1
64,0,28.17078727388834,9,6,6,0,0
25,0,52.51315558834305,13,26,2,1,1
57,1,12.604470270597426,19,12,9,0,1
66,1,8.079491752020187,9,11,1,1,0
61,0,17.48777241705144,9,20,5,1,1
36,0,32.12885510811209,10,3,7,0,1
59,1,30.878426826855616,1,2,3,0,0
58,1,49.3256260817569,19,6,8,1,1
54,1,24.571835056039035,7,24,7,1,1
23,1,29.318493364344764,6,22,6,1,1
69,1,1.2953771539340404,7,25,6,1,0
43,1,24.879484568354876,0,5,2,0,0
51,1,39.04256686054536,1,18,5,1,1
62,1,1.4227456722822347,17,16,4,1,1
23,1,17.212476928581502,14,8,0,1,0
54,0,12.8734033777187,0,25,2,1,0
50,0,2.9981330201204996,4,26,0,0,0
39,0,29.01597534991498,1,20,3,0,0
38,1,11.312535947075311,19,22,9,0,1
23,0,44.713351608067114,2,11,2,1,1
23,1,50.95170908391923,18,10,3,1,1
65,1,32.962318368814294,17,24,8,0,1
21,0,58.911586880007924,17,25,2,0,1
47,1,27.303475002500424,13,12,5,1,1
28,0,31.045408508382472,7,21,5,0,0
47,0,59.35845636048613,11,28,6,1,1
48,0,14.277131939920405,9,6,8,1,1
41,1,56.58148341077586,19,27,6,1,1
26,0,3.0488345295872383,16,20,0,1,0
20,1,27.06001997066009,10,5,7,1,1
68,0,4.665208971917413,1,23,4,1,0
48,0,43.88946720336176,3,9,8,0,1
57,0,36.700331684861055,0,26,9,0,1
54,1,42.544738676321984,14,27,4,0,1
53,1,22.78158379809701,12,29,4,1,1
41,1,22.484175074867128,7,16,1,0,0
48,0,3.196497098173229,3,22,2,1,0
23,0,21.321723902013566,9,14,9,1,1
19,1,55.792659934592535,18,22,8,1,1
37,1,23.063978962236714,17,8,6,1,1
45,1,49.966378520207215,4,27,0,0,0
28,1,50.61836753262108,18,20,2,0,1
21,1,22.707848804564414,15,19,1,0,1
32,1,38.10332648357325,0,14,0,1,1
23,0,6.174610335246989,11,7,8,0,0
66,1,6.6688755536894515,1,5,7,0,0
47,0,3.395130987871942,7,18,4,0,0
55,0,35.07039805581901,17,2,1,1,1
68,1,25.851223168752774,15,11,0,0,0
19,1,33.10792522152229,4,22,6,1,1
32,0,31.503854835249076,12,8,1,0,0
28,1,21.337077969898452,18,1,0,1,0
25,1,40.809668181996635,2,27,1,0,0
43,0,45.63086191452525,7,22,6,0,1
68,0,1.370381403221705,11,12,6,0,0
62,0,12.83091683624826,1,2,9,1,0
61,1,42.93753415095854,10,18,5,0,1
22,0,23.503900271713135,11,7,4,0,0
23,1,39.91779484302569,17,26,2,1,1
43,0,21.144278254206228,12,17,2,1,1
21,0,23.74993156361341,4,22,8,1,1
36,0,9.941392984536252,11,23,3,1,1
37,1,15.864745670136521,1,14,8,0,0
50,1,36.52199957170144,4,24,3,0,0
37,0,26.2732051232524,6,7,1,1,0
66,0,46.57100963520341,11,22,3,0,1
29,0,51.22880481883139,15,25,5,1,1
64,1,32.72796188389721,7,29,5,0,0
18,0,45.61690387733552,8,3,4,1,1
43,1,18.760818535076915,14,27,0,0,0
31,0,25.190787316304654,4,6,2,1,0
55,0,42.91027173490144,12,20,4,1,1
54,0,23.479613572613324,4,2,5,0,0
28,0,35.51604364195983,10,17,0,0,0
53,0,11.529680355409432,9,12,8,0,0
30,0,36.18639324074463,19,12,2,1,1
60,1,51.760065580000166,12,17,9,0,1
20,0,52.18405856949382,8,27,2,1,1
50,1,43.59849217660761,13,10,1,0,1
23,0,44.8723260550295,17,3,7,0,1
67,0,33.69668298646669,14,20,2,1,1
27,1,35.28775136486657,9,18,5,1,1
22,0,8.452209593925822,6,13,1,0,0
40,1,26.909621711067416,7,12,6,1,1
27,1,27.32118889123865,2,27,3,1,1
61,0,57.530621222230536,14,27,8,0,1
19,1,26.14966832608572,15,27,9,1,1
30,1,33.18588737171408,3,17,8,0,1
57,0,32.228458257106595,5,4,6,0,0
19,1,38.387322164137466,0,23,7,1,1
37,0,45.0198534642478,3,10,2,0,0
18,0,13.889991632166891,10,11,4,1,1
54,0,31.959102936356924,11,6,1,0,0
26,0,49.64210358530381,4,6,9,1,1
34,1,28.055325473331933,15,27,6,1,1
26,0,17.068224009227595,12,9,7,1,1
28,0,39.455189983699796,12,15,8,1,1
32,1,49.51416005004781,16,2,6,1,1
41,0,4.256847429179784,6,4,9,0,0
55,0,46.719033762730014,7,5,9,0,1
52,1,49.38805201122538,12,17,7,1,1
47,1,27.960614191522104,15,8,8,0,1
48,1,59.00668658069881,3,8,5,1,1
66,1,47.309146272084895,7,22,9,1,1
22,1,46.532922611292115,15,12,1,0,1
61,1,44.996395177518274,9,21,1,0,1
67,1,9.461182141487303,11,8,3,1,1
31,0,13.425237743954144,11,19,8,1,1
28,1,28.107412822133288,4,3,6,1,0
26,1,16.20825882258822,15,18,1,1,1
51,1,25.206837853875406,0,21,7,1,1
29,0,53.36361454041378,8,19,6,1,1
52,0,49.547450066816516,11,19,8,0,1
52,1,37.987372769558945,4,15,7,1,1
18,1,51.55816345794066,19,6,2,1,1
57,1,47.13445714652633,2,16,0,0,0
39,0,26.024603444532985,4,8,1,1,0
46,0,12.463376546971736,1,16,1,1,0
25,1,31.094961880555683,13,18,3,0,1
28,0,44.30561851044873,1,20,5,1,1
58,1,26.466966124410785,12,16,3,0,1
54,0,40.17292863214188,6,11,8,1,1
31,0,6.112481864317096,9,7,3,0,0
47,1,45.0062818140985,12,17,5,0,1
52,1,48.85646038363719,15,17,5,0,1
38,1,42.5568524189422,13,12,9,1,1
54,1,58.05218345781875,10,13,9,1,1
22,0,49.6857974189081,9,10,0,0,1
36,0,54.23407680865403,5,7,7,0,0
31,0,56.047479465730056,3,14,2,1,1
43,1,48.18020551649161,0,23,5,1,1
21,0,40.618401099386695,6,1,2,1,0
42,1,0.8402555909669627,8,17,1,1,0
62,0,28.216632316775918,7,4,4,1,0
59,1,34.48415676803048,4,21,0,0,0
42,1,18.589801210655978,18,5,8,1,1
35,0,19.427214590756588,9,20,6,0,0
57,1,57.688985234754824,10,24,2,1,1
25,1,53.55679647956338,14,23,3,0,1
56,0,51.0261508273514,5,25,5,0,1
57,1,24.657702201513583,14,7,2,1,1
31,1,1.3150637493304154,4,10,6,0,0
49,1,5.273223664114988,18,17,5,0,1
68,0,19.07568390894742,18,29,8,0,1
55,0,1.4367033232427806,9,7,4,0,0
50,1,1.5204120239542878,11,1,3,1,0
40,0,55.037896447723455,3,7,2,0,0
32,1,42.51643087608372,17,26,9,1,1
50,1,18.882881409055084,15,24,0,0,0
42,1,8.392352367256713,7,11,2,1,0
34,1,30.942325214757087,3,9,2,1,0
50,1,0.8180965708346852,11,12,6,1,1
64,0,56.33561775955957,1,3,6,0,0
19,1,25.181499603642358,3,4,0,1,0
31,0,24.4389298366213,4,4,2,1,0
57,0,23.74031965111604,2,28,7,0,0
57,1,4.625035658072003,8,25,8,1,1
68,1,38.48017326761368,17,13,6,0,1
56,0,44.113715367887025,10,23,6,0,1
68,0,40.72946115650327,2,19,7,1,1
23,0,8.736911853098961,1,10,5,0,0
23,1,34.94098999811776,8,5,2,0,0
20,0,34.38432680824911,13,7,0,0,0
24,1,52.17044188251223,3,24,6,1,1
68,1,23.058095673350994,8,16,0,0,0
25,1,22.603413647736335,12,1,0,0,0
59,0,37.30235999373204,17,12,8,0,0
69,1,38.16782288322103,14,2,9,1,1
32,1,28.422471025884526,9,7,6,0,0
64,1,26.862032058660056,15,11,3,1,1
46,1,29.90178640295402,11,29,5,0,1
50,1,51.732195320447055,19,13,0,1,1
69,0,27.939430624607645,4,2,6,1,0
47,1,56.425941622204434,1,7,5,1,1
56,1,30.4882239339814,9,15,3,0,1
44,0,56.97744124426304,0,25,6,0,1
53,1,50.05349816121001,6,11,2,0,1
46,0,22.064663695641833,16,2,0,1,1
55,1,51.88666456714866,15,7,3,0,1
50,0,7.0487654099663555,2,4,2,0,0
54,0,55.54030693290936,13,11,0,1,1
44,1,38.08278914743205,9,29,1,0,1
50,1,3.7362495370775153,6,2,4,0,0
21,1,38.83327505722329,16,29,7,1,1
39,0,58.467735421612986,5,16,0,1,1
19,0,4.653138949570421,3,7,3,0,0
27,0,33.503918731915135,16,13,3,1,1
22,1,44.99376381068266,8,5,4,0,0
27,0,48.710385908622115,3,17,6,0,1
50,0,25.12273418658735,6,21,7,0,0
55,1,12.647910270510458,1,12,5,0,0
30,0,3.0193655869568383,16,28,0,0,0
48,0,34.99370634728487,7,19,6,1,1
64,1,27.448208680922843,14,7,2,1,1
53,0,56.950291511407805,14,6,5,0,1
62,1,4.1059920090371325,7,8,7,1,0
41,1,41.28102293503734,15,13,6,1,1
69,1,1.9854902161434016,18,5,9,0,1
32,1,10.700333514277293,10,2,5,1,0
46,1,27.48795049540863,1,9,8,1,1
25,0,27.56491034677066,16,11,8,0,1
22,0,41.29918230455181,15,24,0,0,0
46,1,54.65767557463152,14,6,0,0,1
64,1,38.522413455437786,12,29,0,0,0
21,0,57.23533832216477,14,26,7,0,1
29,1,52.95613057274086,3,7,9,0,1
62,1,35.27773783408202,15,25,6,0,1
19,1,50.110621079670224,11,7,2,1,1
44,0,38.733367814256226,3,19,1,0,0
48,0,5.174190939961765,2,6,3,1,0
68,1,44.56360103394084,16,11,2,1,1
68,1,6.147052255407099,17,29,6,0,1
53,0,35.847925443897886,17,11,9,1,1
53,0,42.307092248564615,16,7,7,1,1
43,1,4.458392688545887,11,2,5,1,0
60,1,14.23228190862864,3,19,2,0,0
44,0,54.98249781956817,11,4,5,1,1
22,0,37.170712287857334,19,26,1,1,1
37,0,15.15401811922663,14,6,6,0,0
28,1,41.595446383306395,15,17,9,1,1
27,0,36.00819698772053,4,25,6,1,1
57,1,30.343754145117927,14,5,3,1,1
55,0,58.58312501179098,16,29,7,1,1
23,0,41.16549975574678,17,28,3,1,1
25,0,22.838746025240802,4,7,6,0,0
40,0,48.104369208573644,12,9,3,1,1
64,1,53.13270592881067,18,25,4,0,1
43,1,7.950623291251469,12,1,6,1,1
63,0,12.432902181793356,17,1,9,0,0
60,1,13.365507043102893,13,19,2,0,1
29,0,41.627102658499155,3,6,9,0,0
43,0,36.38085352567036,3,18,4,1,0
30,0,37.329998099566,19,10,2,1,1
57,0,56.47601133152531,19,28,4,1,1
35,1,46.666736202034706,18,11,2,1,1
42,0,8.1122470084511,12,1,9,1,0
50,0,21.176671404298272,11,1,6,0,0
64,1,26.405921947456267,6,13,0,0,0
57,0,24.05971453048249,11,5,8,0,0
60,0,40.323862245131814,3,20,8,1,1
29,0,53.567639643765474,1,1,4,1,1
61,1,18.710062079605887,1,20,8,0,0
53,0,33.33668961706054,4,3,9,1,1
65,1,47.46986060385834,9,18,5,1,1
21,0,25.264974501298287,9,9,4,0,0
22,0,10.503028639758103,8,14,2,0,0
54,1,28.75958243319302,12,27,7,1,1
25,0,3.7857399842101938,6,17,3,1,0
59,0,56.571815513135476,4,23,9,0,1
66,1,4.951861709100896,9,14,2,1,0
45,1,26.588174557409403,9,29,5,0,1
48,1,32.02793503476731,5,4,7,0,0
26,1,59.12557802109348,18,5,8,0,1
68,1,10.378298506750216,7,26,5,1,0
46,0,7.308675357435335,0,21,4,0,0
31,1,1.018015750221343,16,17,1,0,1
57,0,9.756500493723488,6,22,1,1,0
58,0,12.832742254526224,13,29,8,0,0
39,0,38.01956602419399,16,25,1,1,1
28,1,13.572554028288323,8,2,1,1,1
40,1,1.72098847639485,16,23,2,1,1
18,0,49.68379155739808,4,22,2,0,1
63,1,22.25294420973602,19,5,3,0,1
54,1,21.54495285155367,7,4,6,1,0
38,1,18.49750223549163,5,4,8,1,1
43,1,58.53470999021204,10,6,1,1,1
63,0,10.621867329902248,18,20,3,0,0
53,0,53.94516480521749,3,21,8,1,1
40,1,46.71979826232333,17,13,1,1,1
18,0,5.050557352209128,0,22,9,1,0
68,1,59.2103815393005,12,5,0,0,0
57,1,16.646274830571127,13,23,9,1,1
32,0,6.365684157833534,0,25,7,0,0
38,0,49.84419693048269,10,26,8,0,1
64,0,42.54719425382314,16,23,6,1,1
26,1,37.2245189497351,3,7,7,1,1
26,0,9.780861390086523,11,20,3,1,0
27,1,28.970518917229732,9,1,3,0,0
69,0,46.94308359978922,5,14,1,0,0
43,0,18.565624319558495,0,24,7,0,0
58,1,19.04554479664497,6,4,1,1,0
52,1,0.686883909863266,15,17,8,0,0
69,1,10.867482397900083,13,21,3,1,1
42,1,52.58663469474914,19,14,0,1,1
43,1,26.78391625244357,19,16,3,1,1
28,1,59.06195270444882,5,14,2,0,1
55,1,24.044623832640657,4,16,5,0,0
19,1,43.053594059424356,17,24,6,0,1
24,0,17.274183052831383,14,20,7,1,1
35,1,22.146673647885542,5,29,1,0,0
44,1,11.848196261658233,18,28,5,0,1
51,0,21.150210925714003,0,8,5,1,0
44,1,33.06063246502826,0,24,9,1,1
34,0,59.510486418265344,12,3,4,0,1
60,0,40.02000192777125,2,25,9,1,1
61,1,12.355134287294685,9,19,9,0,0
68,0,3.175205774697292,2,1,6,1,0
41,1,8.01821063821338,8,2,2,1,0
42,0,33.97203447574632,7,15,3,0,0
24,0,46.027039564597594,2,22,9,1,1
69,0,56.454942834394444,12,28,8,1,1
23,1,1.4414787338108386,5,10,3,1,0
41,1,31.604228422931254,12,18,2,0,1
50,0,28.516607695279017,19,22,1,1,1
66,0,39.53527380755439,19,14,4,1,1
46,1,33.79494184068785,11,17,3,0,0
60,1,41.378829459657595,12,27,7,0,1
39,0,39.655913792576825,1,13,6,1,1
43,0,7.4621976290477985,15,1,5,1,0
45,1,48.083215860313814,5,5,1,1,1
67,1,7.8323382551213285,18,26,2,0,0
38,1,42.06257219994366,12,13,9,1,1
66,1,25.2606493746161,16,27,8,0,1
24,1,31.074118707307576,8,25,8,0,1
34,0,54.24623185535478,16,14,4,1,1
37,1,53.44808172517245,1,24,2,1,1
58,0,49.16245018647426,18,3,1,0,1
66,1,30.853828637151235,18,15,7,1,1
37,0,44.30626870296307,6,19,5,1,1
39,1,31.017374803369158,9,17,9,0,1
45,1,52.241561907249256,9,3,6,1,1
57,0,24.465162077357544,19,16,0,0,1
66,0,58.22900299268517,8,14,0,1,1
24,1,55.97320411461821,16,12,9,0,1
18,1,44.62535585738124,14,28,1,0,1
49,1,17.125245108476285,1,12,9,1,0
30,1,8.333388533198875,3,29,2,0,0
47,1,51.35485528054525,18,11,0,0,1
40,0,10.335486025208695,16,17,4,1,1
68,0,51.32851694534148,4,8,2,1,1
36,1,29.700517899385446,6,17,0,1,1
49,0,24.6901286365822,17,21,7,0,1
47,0,54.239851340648535,6,25,5,0,1
46,0,36.429133461146535,16,23,8,0,1
66,1,34.808533424218204,6,20,2,1,1
62,0,33.74657370515166,3,11,8,0,0
46,1,22.584586203162118,7,25,8,0,1
47,0,47.245764659983074,12,25,0,1,1
33,1,15.541507418938494,3,2,2,0,0
57,0,56.364250122455864,5,10,5,1,1
36,1,53.692119700294164,4,10,7,1,1
35,1,20.58007937765644,11,11,3,1,1
18,0,43.903094304983995,3,28,4,0,0
31,1,34.60678006975069,8,6,8,0,0
68,1,20.59013346895446,3,4,5,0,0
64,1,59.31703805572908,18,24,6,1,1
67,1,2.00162207797172,13,12,6,1,1
19,1,15.532438821966556,4,11,3,1,0
45,1,31.44440663611345,17,23,3,0,1
66,1,31.55620370697455,9,23,3,0,1
67,1,35.541517959261064,18,27,4,0,1
47,0,45.224732235363696,11,26,4,0,1
55,0,37.596930915898135,17,25,7,0,1
68,1,36.2167469014182,16,13,8,1,1
21,1,3.684110543326076,10,5,1,0,0
18,0,22.90355212346325,2,6,6,1,0
25,0,14.307316512218783,16,1,0,1,1
46,0,16.28952164031754,0,6,0,0,0
56,1,33.48307972325052,14,18,3,1,1
20,0,12.370566238311701,8,22,9,0,0
49,1,17.989971510505402,14,9,6,0,1
27,1,14.606540156781735,2,24,1,1,0
27,0,56.93592512148258,18,25,1,0,1
36,1,56.70761106418016,12,29,0,0,1
63,1,36.791522736465076,11,15,9,1,1
51,1,55.509086889548044,19,26,1,1,1
50,1,47.2558524053682,0,8,6,1,1
40,0,35.60189902670762,16,19,8,1,1
45,0,0.8828950840593448,12,24,5,1,0
49,1,46.46471902172454,0,16,9,1,1
67,1,42.298056324513894,9,6,1,0,0
24,0,37.107592370303635,14,29,9,0,1
46,1,45.745246545107065,6,6,9,0,1
25,0,31.01886880409856,17,22,8,1,1
18,1,42.392954643619674,15,3,6,0,1
20,1,56.142739160226355,13,10,0,1,1
41,0,22.860398442842133,17,1,8,0,1
40,0,42.63324917658721,6,28,1,1,1
25,0,28.803425171652044,16,14,3,0,0
64,0,40.6267792829319,17,4,8,1,1
54,1,45.89215346548467,11,26,3,1,1
20,0,3.2044237759298597,7,12,2,1,0
68,1,38.972726414945384,1,6,0,1,0
50,0,13.991100472213201,6,11,6,0,0
45,0,40.36693599955022,3,12,5,0,0
64,1,28.365646063061902,17,10,9,1,1
25,0,46.52638814096079,5,18,3,1,1
51,0,7.842348504732987,8,7,5,1,0
52,0,37.76617992354361,8,7,5,0,0
49,0,17.069008371189362,13,11,3,1,1
41,1,51.252428722170194,7,4,5,1,1
31,1,55.73881858536029,18,20,9,0,1
49,0,59.7856984739038,2,1,7,1,1
63,0,47.862440444423356,17,13,2,1,1
60,0,45.34717719046627,4,18,3,0,0
33,1,13.322295152619287,13,9,9,1,1
21,1,20.49242000991147,3,26,0,1,0
69,1,28.208111234855632,6,24,3,0,0
54,1,46.516172343043856,19,24,9,1,1
38,0,54.940468972139136,11,9,9,0,1
31,0,11.753776451367585,1,23,8,1,0
48,0,55.38086533787112,10,29,7,1,1
65,1,41.889666815066455,13,9,3,1,1
35,0,36.840858475759795,15,10,6,1,1
24,1,12.390555641275402,19,28,9,1,1
27,1,3.803739452144458,5,2,2,0,0
24,0,34.32366146122242,3,6,8,1,1
50,0,39.2651831580691,14,15,9,1,1
40,0,13.04149623660395,0,3,3,0,0
38,1,33.609144246614655,6,11,1,0,0
36,1,51.46135746437313,11,6,9,1,1
65,0,50.18642375457369,9,3,4,0,1
36,0,55.67763324488468,4,24,1,1,1
53,1,22.270205668634386,11,11,9,0,1
46,0,19.423949566779662,17,15,5,0,0
35,1,45.090847355858116,9,13,9,1,1
19,1,26.151188103271796,5,20,0,0,0
18,0,5.709145509652946,11,28,5,1,1
64,0,17.326667274894735,6,10,3,0,0
22,0,25.405645989123602,17,6,2,0,0
37,0,17.904727315836993,1,15,1,0,0
28,1,20.266231471365636,9,25,6,1,1
59,1,17.97966641737625,14,18,8,1,1
19,1,2.9692004473932267,11,18,2,0,0
20,0,38.40713469905433,16,7,5,1,1
40,1,36.038899011031425,3,15,8,1,1
29,0,39.37631815948149,6,18,1,1,1
37,0,11.942438814000834,8,18,6,0,0
22,0,18.091445225942874,18,20,4,1,1
54,0,37.36714765322288,6,9,4,0,0
55,0,36.177840323365324,1,24,6,0,1
47,0,30.626653406578935,5,2,8,0,0
26,1,21.349588375606746,17,8,3,0,1
51,0,54.81939478409405,5,20,8,0,1
61,1,20.716329416781207,12,2,9,1,1
52,1,27.60933980801647,18,11,8,1,1
69,0,40.84777294177542,1,26,3,0,0
39,0,32.80977513657247,11,7,2,1,1
61,0,21.13971559368094,14,6,1,1,0
41,1,26.420865032162336,13,10,8,1,1
34,0,47.77160866228361,5,5,1,1,1
27,1,17.04868475145344,17,11,5,1,1
47,0,8.964186766720518,4,1,4,1,0
63,0,19.133210508871738,17,2,4,1,0
40,1,51.04728582153013,2,24,3,0,1
49,1,5.794888033952626,2,1,5,0,0
34,0,59.50591636566088,9,19,4,0,1
67,1,32.68967248619592,18,2,3,1,1
68,1,59.09832176604209,2,21,8,1,1
34,1,56.37028711411566,11,20,5,0,1
31,1,27.44241599554955,15,29,9,1,1
26,1,12.310218939018272,16,23,9,1,1
57,0,10.310644205625737,6,21,9,0,0
19,0,14.779367150262471,12,24,2,0,0
62,1,42.752892113589965,1,4,9,0,1
42,0,16.74052468652353,3,12,5,1,0
56,0,20.81480354145575,9,22,0,1,1
26,1,27.20233883767958,6,20,4,1,1
39,0,54.83734448507665,16,18,9,0,1
60,1,11.768908364148343,19,1,5,0,0
63,1,0.7990798802832852,5,1,7,1,0
21,0,4.075736417501124,18,24,8,0,1
43,1,54.33359732996702,4,14,2,0,0
46,1,39.027229658180104,9,4,1,1,1
62,1,16.7459168500045,8,5,3,0,0
51,1,11.042953810165871,12,11,7,0,0
40,1,18.008870829908304,18,24,7,0,1
54,0,7.330417171451166,5,28,2,1,1
28,0,56.52120816192424,3,23,3,1,1
23,1,47.16026737473338,2,13,2,0,0
35,1,28.012275026296173,2,16,9,1,1
38,0,51.96527500435452,3,24,1,1,1
59,1,15.34276315544732,4,13,3,1,0
53,0,43.168673824095514,7,24,5,0,1
58,1,51.43988369131773,15,22,4,1,1
55,1,21.727738341584722,2,26,2,0,0
51,1,45.5691345043177,11,2,1,0,1
34,1,18.056804781226408,7,16,8,1,1
54,1,18.28199954791233,12,6,0,0,0
42,1,6.869902123974071,3,14,8,1,1
55,1,26.683453767309224,13,1,0,1,1
29,0,43.917858436596624,13,17,6,0,1
40,0,56.44313793149146,12,11,5,0,1
59,0,36.425921019781214,5,19,6,1,0
39,1,51.85656449527647,16,3,2,1,1
38,1,49.43843163276851,3,11,2,1,1
44,1,10.81391165202921,7,29,0,1,0
48,1,29.40613702030157,16,5,3,0,1
23,1,7.456950363760793,2,17,1,0,0
44,1,41.08811311291728,16,26,9,0,1
57,1,57.01903026064152,8,22,7,1,1
51,0,8.656822755686012,1,7,2,0,0
29,1,44.16604628275121,12,10,6,0,1
62,0,38.11816997663772,19,28,6,0,1
24,0,35.224499701981934,1,29,8,0,0
27,1,23.712153963956183,19,11,5,1,1
62,1,21.630333041351847,10,3,0,0,0
34,0,3.1923267466238276,14,20,7,0,0
43,0,13.465568140994801,10,10,0,0,0
38,1,1.4030244960662004,2,27,2,0,0
45,1,35.09431778213022,2,10,4,1,1
63,0,6.798267534735577,11,14,7,1,0
19,1,52.444653944768106,4,12,8,0,1
60,1,31.62700973148133,19,15,6,1,1
18,1,42.13154958899315,6,10,8,1,1
68,0,24.94599696450954,6,10,2,1,0
53,0,33.85449863556239,12,26,4,1,1
68,0,56.588221029514514,8,19,9,0,1
43,1,5.42267535760841,12,1,7,1,0
46,1,15.609297429459922,11,24,0,1,1
38,0,46.90930545117739,12,29,7,0,1
28,0,6.374863809518618,9,26,6,0,0
57,0,5.001835682294596,0,10,0,0,0
28,1,22.011713225865293,7,2,9,0,0
53,0,5.983993529109722,15,17,9,1,1
66,0,35.312167311269086,12,24,5,0,0
56,1,13.963377423587689,2,7,0,1,0
57,1,53.794028810362654,2,7,1,1,1
52,1,47.118254810292775,4,20,4,0,1
51,0,42.132459762918835,10,27,1,0,1
64,1,37.20816962937786,6,9,9,1,1
41,1,51.87621095531707,9,22,0,1,1
39,0,13.772192661794033,9,2,5,0,0
22,1,52.44997614447154,19,14,7,0,1
50,0,47.47479175623111,1,17,7,0,1
53,0,45.01556917006729,2,1,7,1,0
64,1,33.89471284545798,7,9,5,1,1
37,1,15.151527577750706,10,20,2,0,0
36,1,25.70110100151783,12,21,0,1,1
52,1,47.71745394505869,6,19,1,0,1
69,1,2.3908198192608046,12,4,4,1,0
60,1,47.032020771193615,1,28,9,1,1
34,0,14.784209059010207,5,8,4,0,0
62,0,9.08639744293538,8,13,9,0,0
60,1,7.384228431727978,19,4,0,0,0
51,0,2.121375711073499,1,9,0,1,0
26,1,31.653395870676448,17,9,8,1,1
43,0,13.486462425276905,15,22,1,0,0
19,0,59.37119006388808,11,18,6,1,1
26,0,34.678986974396246,6,12,9,0,0
26,1,8.70417352668262,6,10,3,1,0
57,0,41.48137117827624,16,11,6,0,1
34,1,53.915742207328655,12,7,7,1,1
18,0,44.83817997449206,10,9,4,1,1
42,0,5.048171731847136,5,6,0,1,0
60,0,53.805108780963245,13,19,3,1,1
57,0,47.7387984586679,5,16,9,0,1
59,0,9.919082056284054,5,15,2,1,0
42,1,3.5812603796026035,1,7,9,0,0
56,1,33.659979231201355,19,16,4,0,1
52,0,9.784130774728625,14,5,9,0,0
20,0,50.15816167941869,16,16,9,0,1
67,0,21.82091207196459,7,1,5,1,0
54,0,54.817100461826236,4,19,1,0,0
61,1,34.15844624238984,16,5,6,1,1
61,0,11.369006862260255,19,7,2,1,1
68,1,8.806132607908106,0,19,0,1,0
47,0,34.800110034686355,17,22,9,1,1
55,1,45.83207490581541,14,5,2,0,1
51,0,46.999586040659835,4,29,8,1,1
29,0,16.907565564256235,6,17,9,0,1
36,1,12.652682155273965,17,26,5,1,1
54,0,1.4970001172967535,5,22,5,1,0
61,0,40.912349496469574,4,8,3,0,0
66,0,5.055811376795569,18,29,7,1,1
34,1,25.535291505072585,9,29,4,1,1
27,0,36.30008875908862,14,1,6,1,0
66,0,56.257982222720784,9,2,8,1,1
64,1,19.052227148868234,15,15,4,1,1
29,1,15.361443665567927,11,20,4,0,0
33,1,39.422529180022856,17,28,3,1,1
41,0,37.34472240718811,0,18,5,1,0
36,0,20.260532106833413,15,11,1,0,0
25,0,55.7220592128323,5,25,2,1,1
48,1,50.76930848563315,2,10,0,0,0
38,0,13.82696147897233,1,24,1,1,0
34,0,14.728981453354129,1,24,1,1,0
40,1,30.981870639781295,12,4,7,0,1
54,1,46.52754005297786,8,5,7,1,1
33,1,3.120402573613631,15,4,1,1,1
23,1,41.75344164721505,4,13,5,0,1
25,1,39.07003589423477,6,25,4,0,1
42,0,14.2730657068228,12,13,2,1,0
35,1,41.04050428786025,19,18,4,0,1
42,0,56.440899879498915,12,29,4,1,1
29,0,3.2837577758202268,6,27,4,0,0
32,1,19.51929728987772,9,24,2,1,1
43,1,26.57151464164814,14,2,2,0,1
58,1,54.00599135601903,5,16,3,0,1
62,0,57.75455607324482,4,1,6,0,1
43,1,26.92485716653177,1,26,1,0,0
64,1,45.12669052246037,14,19,9,0,1
49,1,32.13383091398674,15,9,3,0,1
27,1,32.4980846171119,18,28,3,0,1
33,1,17.04692114644821,8,3,0,0,0
24,0,13.40889662890083,18,25,9,0,1
34,0,17.636318082480447,6,7,7,1,0
40,0,33.60151643179622,3,29,0,0,0
43,1,2.2347335683142955,2,10,7,1,0
38,1,54.48131218920614,19,1,6,0,1
39,1,9.798880718211684,10,10,8,1,1
24,0,13.5952762738475,0,21,7,1,0
31,1,31.337432498634957,5,9,4,0,0
32,1,42.75182859706812,10,28,7,0,1
24,1,6.19587875729164,0,15,9,1,1
26,0,19.40283450405615,6,15,2,1,0
68,1,58.13613903167425,5,3,9,0,1
65,0,16.10940652346627,13,25,6,0,0
25,1,19.12648363125724,1,5,3,0,0
67,0,50.271660191772995,3,9,4,1,0
40,0,3.4877586855820875,10,26,8,0,0
46,0,28.144483544133767,14,22,6,0,1
35,1,23.08719748487438,17,9,3,0,1
48,1,19.336912214564745,0,23,5,0,0
47,0,17.49912584566349,2,7,9,0,0
69,0,5.936759239194347,2,24,6,1,0
56,1,19.232136846423106,6,23,9,1,1
52,1,3.06161796158228,0,12,8,0,0
35,0,46.9673498868439,10,25,3,0,1
59,1,24.194553740501693,5,27,9,1,1
56,1,26.91227802303474,19,9,2,0,0
34,1,53.66887789378283,2,6,7,1,1
31,1,39.65427153974264,18,23,0,0,1
48,0,0.9795166488561274,1,2,8,1,0
41,1,56.618901966196454,17,9,0,1,1
52,1,14.610095725673817,11,28,1,0,0
61,0,6.903043993211601,9,29,7,1,1
62,0,46.20362661366249,4,17,8,0,0
51,1,30.27840029406973,8,1,6,1,1
20,1,26.309348678072045,1,19,2,0,0
54,1,15.345433241123136,1,28,6,0,0
60,1,33.074553646807956,5,6,5,0,0
57,0,16.825884009553953,9,5,1,1,0
43,0,54.144188814580524,17,2,2,0,1
40,0,13.30466654412497,11,9,9,0,0
61,1,53.11913145211734,3,29,9,0,1
56,1,33.78462283077774,16,26,4,1,1
32,1,49.79504396676684,14,14,9,0,1
66,1,42.91433675372682,5,4,3,1,1
21,0,41.95335913048654,15,4,1,1,1
46,0,19.798575557855816,16,21,3,1,1
39,1,14.416867422596107,2,15,7,0,0
42,0,13.047730547006894,9,8,4,0,0
30,1,51.502903595045524,4,26,4,1,1
35,1,49.31539580541169,13,4,9,0,1
50,0,26.714124916732285,12,16,2,0,0
33,1,8.378074503039048,5,21,7,1,0
62,1,23.244008992658774,11,28,5,1,1
59,0,37.350935521146226,7,4,1,0,0
61,1,27.536987691557194,4,16,1,1,1
19,1,46.9212614747382,14,22,8,0,1
52,0,59.858557923957434,15,12,6,1,1
59,1,11.872359262709361,0,16,9,0,0
51,0,27.84922376974456,15,19,8,0,1
47,1,26.14354216428891,4,8,5,1,1
30,0,18.617305698562575,2,6,4,0,0
30,0,12.28668324485723,19,10,0,0,0
35,0,4.4086809311347235,14,5,5,1,1
49,1,53.28359937481005,12,29,5,0,1
49,0,25.480997512335897,15,18,2,0,0
52,0,30.065283350752907,10,10,2,0,0
56,0,55.05805186795449,1,10,2,1,1
63,0,46.6892834121989,5,7,2,1,1
69,0,8.264825214972461,5,18,6,1,0
46,1,34.14248807266067,13,1,9,1,1
66,1,26.814010452913767,10,7,1,1,0
46,1,47.934058818436384,7,21,9,0,1
61,1,43.59183658291098,7,1,9,0,1
33,1,41.57914045370878,0,15,1,0,0
61,1,20.762417711053864,6,4,2,1,0
64,1,48.395341958755644,5,28,9,0,1
27,0,3.6172820878942424,7,29,6,1,1
47,1,9.99768163521395,18,20,2,0,0
42,0,20.46958474218575,19,10,6,1,1
56,0,5.070042743622236,7,23,8,0,0
37,1,14.48215951331415,13,9,9,0,1
22,0,49.89398348837613,17,2,3,1,1
18,0,56.92096649850972,15,28,6,0,1
47,0,18.623840168564335,8,14,8,0,0
66,0,16.238690337335875,14,16,7,1,1
20,1,17.153612808662402,9,1,7,0,0
62,1,17.02428569737521,15,2,8,0,1
31,1,2.637845840065393,3,7,4,1,0
47,1,55.65152260670093,19,29,4,1,1
67,1,13.21503942343454,12,10,2,1,1
21,1,25.490242407843596,4,22,4,1,1
35,1,1.0763695230875805,6,20,7,1,0
54,1,51.5483279094459,8,1,4,0,1
42,1,44.003861995067574,7,13,3,1,1
65,1,56.83198409283534,15,1,7,1,1
18,0,47.006121012185744,5,5,6,0,1
63,1,19.16553746709788,15,16,5,0,0
32,0,15.248464844341207,5,15,4,0,0
26,0,42.01412029942093,13,17,4,0,1
32,0,22.164710113124716,0,28,9,0,0
66,0,34.189793437280684,8,23,1,1,0
41,1,0.8723195260749786,12,16,3,0,0
21,0,4.182199249988277,18,13,7,1,1
29,1,32.35439250030825,16,11,7,0,1
54,1,34.18126296366582,10,17,0,1,1
54,0,45.21145019533095,7,17,1,0,0
60,1,8.351936517625724,4,2,4,1,0
23,0,31.034393483528337,9,13,8,1,1
56,0,12.069634843685472,6,14,9,1,0
63,1,6.045169113980334,9,11,6,1,0
41,1,24.924499746602997,3,28,9,1,1
28,0,10.218530561298905,8,10,4,1,0
30,1,13.696027702442956,13,3,0,1,1
51,1,19.394497502235353,1,29,5,1,1
42,1,15.933609844220177,8,27,7,1,1
24,0,5.711682195653811,0,17,6,1,0
69,0,5.850016569152286,9,15,1,0,0
21,1,11.998340206433006,9,9,4,1,0
25,1,3.5082716835925676,19,10,3,1,1
37,1,37.77419267077716,2,8,8,0,1
46,1,17.595939632279666,5,21,9,1,1
68,1,17.144885082259727,5,13,0,1,1
62,0,20.253898507147028,1,27,5,0,0
63,1,39.936378315478436,17,18,2,0,1
27,0,52.30271594826769,1,5,8,1,1
60,1,45.66567248706048,11,6,4,0,0
51,0,43.78798919839315,4,17,5,1,1
43,1,29.321275543250533,19,11,8,1,1
58,0,41.781430639561,6,20,8,1,1
66,1,33.389360897998195,15,16,7,0,1
20,0,13.366906427098469,19,9,8,1,1
23,0,12.911007880592518,0,2,3,1,0
22,0,18.135324409079367,0,5,5,0,0
22,0,54.69275892270389,16,1,4,1,1
64,0,33.07118300259369,0,4,4,1,0
40,0,44.16736993161123,19,4,3,1,1
66,1,21.12024620908458,12,22,1,1,1
26,0,24.759088354580904,8,26,5,1,1
52,1,7.9711519289164565,14,25,8,1,1
37,1,10.692049990389387,2,3,0,0,0
66,1,49.72771501215566,13,9,6,1,1
59,1,35.29789858548848,10,22,5,1,1
52,1,20.583181720087225,11,23,2,0,1
67,0,48.26964693523499,12,12,0,1,1
35,0,15.167934385459988,12,10,3,1,1
34,0,58.573945566712126,0,2,8,0,0
41,1,21.0166476608971,9,11,1,0,0
20,0,20.57000177199804,2,10,2,0,0
49,0,19.05875837943396,3,22,1,0,0
52,0,7.765635197495132,15,6,1,0,0
55,0,7.112660266254738,7,18,9,0,0
30,0,39.062249554780344,15,2,7,0,1
64,1,52.569523651203795,16,2,2,1,1
42,0,47.53597036116457,18,10,6,1,1
26,1,8.89590184427039,14,16,7,1,1
21,1,32.962136246627956,15,12,2,0,1
31,1,6.78269698561008,14,1,1,1,0
54,1,3.195031294978108,1,21,7,0,0
51,1,39.55495863339365,10,8,2,1,1
28,0,32.341563853980844,0,16,6,1,0
58,0,5.380409270082516,14,18,0,1,0
20,0,2.5788851611563124,18,13,5,1,0
45,1,59.39050659785541,3,15,8,0,1
46,0,2.2862692628697765,10,21,2,0,0
26,0,26.9494310564845,4,12,6,1,0
20,1,30.524831964157887,2,8,5,0,0
42,1,7.47816879412648,12,10,7,0,0
51,1,10.559175817163117,9,14,2,1,0
29,1,21.432397881415973,10,5,2,0,0
59,0,45.81971463471292,17,18,3,0,1
26,1,30.671404231585868,1,19,2,0,0
32,1,38.45516153590121,6,15,8,0,1
57,0,59.117886027895146,8,6,3,1,1
42,0,46.19632340113597,9,27,5,1,1
22,1,26.344509139402454,17,11,7,0,1
28,0,27.06329434689465,6,21,7,1,1
51,1,37.316938583939795,6,11,4,1,1
41,1,40.089229900924806,2,20,4,1,1
32,0,30.292300087281944,11,20,5,0,1
55,0,38.86924275749131,6,21,9,0,1
25,1,1.9001834176388768,16,18,6,1,1
22,1,26.062560401862225,0,25,9,1,1
65,1,17.096815526371866,4,18,6,0,0
43,0,8.185879491965068,15,10,3,1,1
35,1,6.4230175121221205,14,2,5,0,0
23,1,36.389933854072716,1,26,6,1,1
54,1,31.654232555580396,8,9,4,0,0
65,1,15.588254961283965,6,14,4,0,0
30,1,28.521528496964613,3,19,1,0,0
45,0,29.787822753353293,19,10,6,0,0
22,1,12.103034336097641,17,23,5,1,1
30,1,39.299537181958215,3,4,0,0,0
34,1,46.964701704972384,12,29,3,1,1
67,1,47.59208068292638,0,29,2,0,0
57,0,36.346954926855574,2,6,2,0,0
62,0,30.942495659881338,15,14,6,1,1
49,0,4.129925008820996,3,4,9,1,0
46,1,17.62596228167055,15,26,3,1,1
68,1,6.049651083301109,18,15,7,0,0
20,0,57.84747807226918,0,16,8,0,1
57,0,8.537268700432762,4,7,2,1,0
51,0,9.530636886140572,18,17,4,0,0
57,1,53.42980879066428,10,19,3,1,1
44,1,56.663732866849244,12,29,9,0,1
30,0,46.06682783447714,19,19,5,0,1
62,0,0.8215929585238573,4,17,9,0,0
50,0,0.5801031219155401,3,6,3,1,0
23,1,22.99699580235332,3,29,7,0,0
41,1,9.032024515648105,3,11,2,1,0
36,1,1.5939754580200385,3,16,4,1,0
33,0,28.111968019568028,19,25,0,0,1
57,0,56.61218289571481,17,8,5,1,1
45,1,19.767264706694668,17,11,4,1,1
50,0,39.837870366507445,15,7,7,0,1
65,1,39.30800351138022,8,26,8,1,1
58,0,15.43926616807748,17,24,7,1,1
30,0,39.200302305019925,1,22,7,0,1
60,0,13.13387147007003,3,25,2,0,0
62,0,7.759441107824898,11,19,3,0,0
42,1,42.23230549080156,6,26,3,1,1
59,0,7.249728617683045,14,10,4,1,0
53,1,59.816098506066645,6,9,8,0,1
44,1,11.415417868438645,16,4,8,1,1
55,1,35.851440834009225,15,23,9,0,1
24,0,24.976786999049068,18,15,0,0,1
22,1,8.019992133137194,8,13,7,0,0
60,1,2.156712500856097,13,25,0,1,0
62,1,37.55257079642358,16,2,1,1,1
68,0,48.502075045453005,4,2,6,0,0
48,0,50.59993185965127,1,16,7,0,0
40,1,29.2214516480776,19,9,0,1,1
59,0,46.75860029735194,15,28,2,0,1
27,1,40.53440444256841,13,13,6,1,1
49,1,43.593144386198425,13,3,8,0,1
60,0,29.80964081069794,0,9,7,0,0
47,1,38.18799854440656,2,13,7,1,1
56,0,48.42879185777539,6,21,8,1,1
48,0,24.174108445642872,14,22,9,1,1
35,1,48.455744601621234,18,2,2,1,1
53,0,35.72500214594924,19,8,7,1,1
19,0,10.371110950061782,1,27,0,0,0
31,1,1.9687073548627845,18,9,7,0,1
30,1,22.083839223749546,8,16,6,1,1
46,0,33.02843153363222,18,2,7,1,1
29,0,50.469310956107556,4,6,0,0,0
56,1,8.085397968344648,17,22,5,0,1
19,0,48.112277687172956,15,8,6,1,1
49,0,51.849038241,3,26,4,1,1
30,0,9.46590547654961,11,28,4,0,0
63,0,51.169861998601036,6,5,6,1,1
44,0,59.49148728664613,13,9,2,0,1
66,0,43.746910447370134,11,1,5,0,0
58,0,47.193796068586785,2,9,6,1,1
34,1,59.66770841975297,4,10,0,0,0
57,1,36.52613440629375,16,23,1,0,1
48,1,18.81923972996684,9,4,3,0,0
51,1,50.33308462752531,9,3,7,1,1
41,1,37.06190376194206,10,10,9,0,1
62,0,35.08112771139692,16,15,5,1,1
52,0,15.591315553085277,4,11,0,0,0
65,0,45.50188904018175,12,14,9,0,1
23,0,5.359202913675727,9,6,4,0,0
36,1,55.495080712282345,8,12,6,0,1
47,0,19.88649591584384,16,13,5,0,1
24,0,8.102591841004433,0,17,8,1,0
27,1,26.82080871959392,3,16,7,1,1
58,0,3.026959600763723,3,3,3,0,0
49,0,41.235258558765494,17,2,4,1,1
51,1,54.21097787149869,8,11,6,1,1
45,0,50.31714892474127,17,29,7,0,1
32,0,8.078483670148923,13,9,4,1,0
47,0,8.013132657910045,14,3,8,1,1
54,0,48.899351698293714,5,29,9,1,1
46,0,55.493129338885396,9,18,3,1,1
39,1,27.909854875092606,14,20,3,0,1
21,1,30.188781456369075,3,15,7,1,1
37,1,19.43659146245069,17,14,0,0,1
49,1,53.708774536256634,17,2,7,0,1
53,1,38.871722864895176,16,17,4,1,1
67,1,17.650968841458425,11,22,0,0,0
21,0,18.27758082772797,6,26,3,1,0
44,1,53.52640434728434,15,8,1,0,1
34,1,1.3112244223963774,10,10,3,1,0
29,0,19.702231077234984,13,26,7,1,1
39,0,33.484222532373956,2,18,4,0,0
34,1,9.318938994909816,18,25,0,1,1
27,0,5.979875874875593,17,29,6,1,1
18,1,49.00894169988832,9,19,0,1,1
39,0,53.71706112458618,5,8,8,1,1
43,1,49.50458203749227,12,28,2,0,1
35,0,53.97787943937219,9,8,2,0,1
67,0,33.41016227797311,17,3,5,0,1
31,1,48.82935819892534,19,3,9,1,1
64,1,23.350536984270477,15,12,5,0,1
46,1,40.14293775800279,5,22,5,1,1
29,1,59.335714117655286,12,17,0,1,1
53,1,13.930799568428082,3,4,4,1,0
52,0,23.699034904319294,13,17,5,0,0
69,1,29.062818949950096,0,14,7,0,0
29,1,8.711921477693078,19,19,0,0,1
24,0,5.321797322670879,4,9,4,0,0
46,0,49.868510546136655,7,21,2,1,1
28,1,58.61926518324138,11,12,1,0,1
50,0,24.58114129786469,1,5,7,0,0
23,0,5.71516525358187,11,11,6,0,0
64,1,4.415799761089301,4,20,9,0,0
32,0,53.53343327843777,4,3,6,1,1
49,0,28.096947858796955,12,21,4,0,1
68,1,19.54162533546232,8,15,8,0,0
28,1,28.84944563874427,9,14,4,0,0
40,0,19.439093634194666,0,11,1,1,0
43,0,29.59762863080339,2,20,2,0,0
51,1,51.64360561661724,17,8,3,0,1
63,0,35.741931578194695,11,4,4,0,0
51,0,41.831899482205436,2,27,2,1,0
46,0,22.197905235943026,8,12,6,1,1
21,1,44.44109977137587,1,8,4,0,0
34,0,40.163716550322654,2,6,4,0,0
52,0,7.613938866247358,13,15,5,1,1
30,1,34.57224976037728,3,12,6,1,1
58,0,15.776238030430601,18,16,9,1,1
56,0,48.343692343198775,12,16,9,1,1
32,1,25.843293653782897,6,27,7,1,1
46,1,59.683707829190986,11,21,8,0,1
46,1,6.003776057368345,2,20,3,0,0
28,1,46.93069783303943,8,20,4,0,1
69,0,40.58525314575831,1,28,4,0,0
49,0,46.16618042014697,8,4,7,1,1
19,1,18.798022831682154,11,11,8,1,1
64,1,29.777242118252836,11,13,6,1,1
31,0,47.89225692356065,14,29,4,1,1
37,1,14.336209231440872,1,9,2,1,0
39,0,13.948975208924798,17,4,0,0,0
28,1,33.287531721048474,12,12,8,0,1
44,0,31.65203298202642,13,9,4,0,0
20,1,17.294616989569505,4,13,8,0,0
34,1,18.235501206226953,9,16,9,0,0
61,0,17.031787210790647,11,26,3,1,1
45,1,46.40496768891001,9,6,4,1,1
46,0,39.288101500966405,10,10,3,1,1
38,0,50.02882241291004,1,13,1,1,0
64,0,58.5406451846843,4,7,0,1,1
33,0,28.71277562818319,6,28,7,0,1
54,0,4.468285943624206,5,26,3,0,0
37,1,3.3614924695161084,2,19,4,0,0
23,1,18.092069836661338,12,24,5,1,1
36,0,55.98640306647083,2,19,7,1,1
22,1,31.631176770767055,5,17,7,1,1
20,0,16.671297706767685,10,13,6,1,1
18,1,24.250424273405663,16,13,3,0,1
55,1,36.116408890577915,9,26,5,1,1
32,1,39.35050465920161,11,28,3,0,1
51,1,9.65821083208285,16,21,6,1,1
52,0,58.63338475443797,3,2,0,0,0
66,0,32.91394750547593,1,10,4,1,0
42,1,8.573454908640619,10,22,9,1,1
41,1,53.67129757409496,6,13,9,0,1
29,0,4.940986649226014,1,26,3,0,0
35,1,54.510258274062004,17,9,6,1,1
32,0,59.795656549194454,3,1,8,0,1
61,0,42.17569204981198,7,14,4,1,1
33,0,46.34160965390239,19,29,3,1,1
44,1,20.56951876981544,13,16,8,0,1
25,0,56.52382273766906,11,20,4,1,1
63,1,32.01798098344787,17,15,8,1,1
42,0,44.07711257255451,10,1,7,0,1
34,1,55.48440909672113,7,17,3,1,1
46,1,58.52320857054274,1,24,6,1,1
25,1,50.07565921750212,14,13,4,1,1
32,0,18.529541665430784,8,27,9,1,1
44,0,58.0095772348489,18,15,3,0,1
63,1,37.87311210899252,19,16,4,0,1
67,1,55.87322734294161,7,16,4,0,1
69,1,40.72824903595394,18,2,8,1,1
24,0,18.780718229939367,4,17,8,0,0
20,0,22.51645918649755,10,11,5,0,0
